[2026-04-16 18:50:03] ROLE_ERROR[guest]: Credenciales inválidas en login | accion=login | email=comprador@prueba.com
[2026-04-16 18:51:55] ROLE_ERROR[guest]: Credenciales inválidas en login | accion=login | email=comprador@prueba.com
[2026-04-16 18:52:01] ROLE_ERROR[guest]: Credenciales inválidas en login | accion=login | email=comprador@prueba.com
[2026-04-16 18:52:16] ROLE_ERROR[guest]: Credenciales inválidas en login | accion=login | email=vendedor@prueba.com
[2026-04-16 18:53:57] ROLE_ERROR[guest]: Credenciales inválidas en login | accion=login | email=comprador@prueba.com
[2026-04-16 18:55:34] ROLE_ERROR[guest]: Credenciales inválidas en login | accion=login | email=comprador@prueba.com
[2026-04-16 18:55:39] ROLE_ERROR[guest]: Credenciales inválidas en login | accion=login | email=comprador@prueba.com
[2026-04-16 18:57:25] ROLE_ERROR[guest]: Credenciales inválidas en login | accion=login | email=vendedor@prueba.com
[2026-04-16 18:58:24] ROLE_ERROR[guest]: Credenciales inválidas en login | accion=login | email=comprador@prueba.com
[2026-04-16 20:50:09] ROLE_ERROR[guest]: Credenciales inválidas en login | accion=login | email=comprador@prueba.com
[2026-04-16 21:25:20] ROLE_ERROR[guest]: Acceso no autorizado al AdminController | accion=dashboard
[2026-04-16 22:34:15] ROLE_ERROR[guest]: Usuario no encontrado en login | email=superadmin@agesco
[2026-04-16 22:34:15] ROLE_ERROR[guest]: Credenciales inválidas en login | accion=login | email=superadmin@agesco
[2026-04-16 22:34:28] ROLE_ERROR[guest]: Usuario no encontrado en login | email=superadmin@agesco
[2026-04-16 22:34:28] ROLE_ERROR[guest]: Credenciales inválidas en login | accion=login | email=superadmin@agesco
[2026-04-16 22:36:44] ROLE_ERROR[guest]: Usuario no encontrado en login | email=superadmin@agesco
[2026-04-16 22:36:44] ROLE_ERROR[guest]: Credenciales inválidas en login | accion=login | email=superadmin@agesco
[2026-04-16 22:37:04] ROLE_ERROR[guest]: Usuario no encontrado en login | email=superadmin@agesco.com
[2026-04-16 22:37:04] ROLE_ERROR[guest]: Credenciales inválidas en login | accion=login | email=superadmin@agesco.com
[2026-04-16 22:37:33] ROLE_ERROR[guest]: Credenciales inválidas en login | accion=login | email=superadmin@agecso.com
[2026-04-16 22:38:25] ROLE_ERROR[guest]: Credenciales inválidas en login | accion=login | email=superadmin@agecso.com
[2026-04-16 22:38:46] ROLE_ERROR[guest]: Credenciales inválidas en login | accion=login | email=superadmin@agecso.com
[2026-04-16 22:39:29] ROLE_ERROR[guest]: Usuario no encontrado en login | email=dayana@agesco.com
[2026-04-16 22:39:29] ROLE_ERROR[guest]: Credenciales inválidas en login | accion=login | email=dayana@agesco.com
[2026-04-16 23:10:57] ROLE_ERROR[guest]: Credenciales inválidas en login | accion=login | email=superadmin@agecso.com
[2026-04-19 15:23:32] ROLE_ERROR[guest]: Credenciales inválidas en login | accion=login | email=vendedor@prueba.com
[2026-04-20 15:24:21] ROLE_ERROR[guest]: Acceso no autorizado al CompradorController | accion=solicitarReunion
[2026-04-20 20:52:28] ROLE_ERROR[guest]: Credenciales inválidas en login | accion=login | email=comprador@prueba.com
[2026-04-20 20:54:08] ROLE_ERROR[guest]: Credenciales inválidas en login | accion=login | email=dayana@agecso.com
[2026-04-20 23:03:51] ROLE_ERROR[guest]: Acceso no autorizado al VendedorController | accion=dashboard
[2026-04-21 13:45:38] ROLE_ERROR[guest]: Credenciales inválidas en login | accion=login | email=superadmin@agecso.com
[2026-04-21 13:45:54] ROLE_ERROR[guest]: Credenciales inválidas en login | accion=login | email=superadmin@agecso.com
[2026-04-21 13:47:03] ROLE_ERROR[guest]: Credenciales inválidas en login | accion=login | email=superadmin@agecso.com
[2026-04-21 16:25:16] ROLE_ERROR[guest]: Credenciales inválidas en login | accion=login | email=comprador1@demo.com
[2026-04-21 16:40:04] ROLE_ERROR[guest]: Credenciales inválidas en login | accion=login | email=comprador1@demo.com
[2026-04-21 16:51:19] ROLE_ERROR[guest]: Credenciales inválidas en login | accion=login | email=comprador@prueba.com
[2026-04-21 17:51:29] ROLE_ERROR[guest]: Usuario no encontrado en login | email=dayana@agesco.com
[2026-04-21 17:51:29] ROLE_ERROR[guest]: Credenciales inválidas en login | accion=login | email=dayana@agesco.com
[2026-04-21 18:23:07] ROLE_ERROR[guest]: Credenciales inválidas en login | accion=login | email=vendedor@prueba.com
[2026-04-21 18:23:35] ROLE_ERROR[guest]: Usuario no encontrado en login | email=dayana@agesco.com
[2026-04-21 18:23:35] ROLE_ERROR[guest]: Credenciales inválidas en login | accion=login | email=dayana@agesco.com
[2026-04-21 18:41:01] ROLE_ERROR[guest]: Acceso no autorizado al AdminController | accion=dashboard
[2026-04-22 16:30:23] ROLE_ERROR[guest]: Credenciales inválidas en login | accion=login | email=dayana@agecso.com
[2026-04-26 15:02:36] ROLE_ERROR[guest]: Usuario no encontrado en login | email=damian@gmail.com
[2026-04-26 15:02:36] ROLE_ERROR[guest]: Credenciales inválidas en login | accion=login | email=damian@gmail.com
[2026-04-26 15:02:47] ROLE_ERROR[guest]: Usuario no encontrado en login | email=damian@gmail.com
[2026-04-26 15:02:47] ROLE_ERROR[guest]: Credenciales inválidas en login | accion=login | email=damian@gmail.com
[2026-04-26 15:03:00] ROLE_ERROR[guest]: Usuario no encontrado en login | email=damian@gmail.com
[2026-04-26 15:03:00] ROLE_ERROR[guest]: Credenciales inválidas en login | accion=login | email=damian@gmail.com
[2026-05-04 22:28:55] ROLE_ERROR[guest]: Credenciales inválidas en login | accion=login | email=dayana@agecso.com
[2026-05-04 22:54:02] ROLE_ERROR[guest]: Acceso no autorizado al CompradorController | accion=dashboard
[2026-05-04 22:56:19] ROLE_ERROR[guest]: Usuario no encontrado en login | email=campradara@prueba.com
[2026-05-04 22:56:19] ROLE_ERROR[guest]: Credenciales inválidas en login | accion=login | email=campradara@prueba.com
[2026-05-04 22:56:38] ROLE_ERROR[guest]: Credenciales inválidas en login | accion=login | email=dayana@agecso.com
[2026-05-04 22:56:43] ROLE_ERROR[guest]: Acceso no autorizado al AdminController | accion=dashboard
[2026-05-04 22:56:48] ROLE_ERROR[guest]: Acceso no autorizado al AdminController | accion=dashboard
[2026-05-04 22:57:09] ROLE_ERROR[guest]: Acceso no autorizado al VendedorController | accion=dashboard
[2026-05-04 23:03:46] ROLE_ERROR[guest]: Acceso no autorizado al VendedorController | accion=dashboard
[2026-05-04 23:03:51] ROLE_ERROR[guest]: Acceso no autorizado al AdminController | accion=dashboard
[2026-05-04 23:05:51] ROLE_ERROR[guest]: Acceso no autorizado al AdminController | accion=dashboard
[2026-05-04 23:21:17] ROLE_ERROR[guest]: Credenciales inválidas en login | accion=login | email=dayana@agecso.com
[2026-05-04 23:38:02] ROLE_ERROR[guest]: Credenciales inválidas en login | accion=login | email=dayana@agecso.com
[2026-05-04 23:38:50] ROLE_ERROR[guest]: Credenciales inválidas en login | accion=login | email=dayana@agecso.com
[2026-05-04 23:47:23] ROLE_ERROR[system]: Error auto-finalizando citas pasadas | error=SQLSTATE[01000]: Warning: 1265 Data truncated for column 'ultimaAccionPor' at row 5
[2026-05-04 23:47:23] ROLE_ERROR[system]: Error auto-finalizando citas pasadas | error=SQLSTATE[01000]: Warning: 1265 Data truncated for column 'ultimaAccionPor' at row 5
[2026-05-04 23:48:35] ROLE_ERROR[system]: Error auto-finalizando citas pasadas | error=SQLSTATE[01000]: Warning: 1265 Data truncated for column 'ultimaAccionPor' at row 5
[2026-05-04 23:48:40] ROLE_ERROR[system]: Error auto-finalizando citas pasadas | error=SQLSTATE[01000]: Warning: 1265 Data truncated for column 'ultimaAccionPor' at row 5
[2026-05-04 23:48:45] ROLE_ERROR[system]: Error auto-finalizando citas pasadas | error=SQLSTATE[01000]: Warning: 1265 Data truncated for column 'ultimaAccionPor' at row 5
[2026-05-04 23:48:50] ROLE_ERROR[system]: Error auto-finalizando citas pasadas | error=SQLSTATE[01000]: Warning: 1265 Data truncated for column 'ultimaAccionPor' at row 5
[2026-05-04 23:48:54] ROLE_ERROR[system]: Error auto-finalizando citas pasadas | error=SQLSTATE[01000]: Warning: 1265 Data truncated for column 'ultimaAccionPor' at row 5
[2026-05-04 23:48:56] ROLE_ERROR[system]: Error auto-finalizando citas pasadas | error=SQLSTATE[01000]: Warning: 1265 Data truncated for column 'ultimaAccionPor' at row 5
[2026-05-04 23:49:00] ROLE_ERROR[system]: Error auto-finalizando citas pasadas | error=SQLSTATE[01000]: Warning: 1265 Data truncated for column 'ultimaAccionPor' at row 5
[2026-05-04 23:49:02] ROLE_ERROR[system]: Error auto-finalizando citas pasadas | error=SQLSTATE[01000]: Warning: 1265 Data truncated for column 'ultimaAccionPor' at row 5
[2026-05-04 23:49:06] ROLE_ERROR[system]: Error auto-finalizando citas pasadas | error=SQLSTATE[01000]: Warning: 1265 Data truncated for column 'ultimaAccionPor' at row 5
[2026-05-04 23:49:10] ROLE_ERROR[system]: Error auto-finalizando citas pasadas | error=SQLSTATE[01000]: Warning: 1265 Data truncated for column 'ultimaAccionPor' at row 5
[2026-05-04 23:49:12] ROLE_ERROR[system]: Error auto-finalizando citas pasadas | error=SQLSTATE[01000]: Warning: 1265 Data truncated for column 'ultimaAccionPor' at row 5
[2026-05-04 23:53:03] ROLE_ERROR[system]: Error auto-finalizando citas pasadas | error=SQLSTATE[01000]: Warning: 1265 Data truncated for column 'ultimaAccionPor' at row 5
[2026-05-04 23:53:08] ROLE_ERROR[system]: Error auto-finalizando citas pasadas | error=SQLSTATE[01000]: Warning: 1265 Data truncated for column 'ultimaAccionPor' at row 5
[2026-05-04 23:53:08] ROLE_ERROR[system]: Error auto-finalizando citas pasadas | error=SQLSTATE[01000]: Warning: 1265 Data truncated for column 'ultimaAccionPor' at row 5
[2026-05-04 23:53:10] ROLE_ERROR[system]: Error auto-finalizando citas pasadas | error=SQLSTATE[01000]: Warning: 1265 Data truncated for column 'ultimaAccionPor' at row 5
[2026-05-04 23:53:14] ROLE_ERROR[system]: Error auto-finalizando citas pasadas | error=SQLSTATE[01000]: Warning: 1265 Data truncated for column 'ultimaAccionPor' at row 5
[2026-05-04 23:53:14] ROLE_ERROR[system]: Error auto-finalizando citas pasadas | error=SQLSTATE[01000]: Warning: 1265 Data truncated for column 'ultimaAccionPor' at row 5
[2026-05-04 23:53:17] ROLE_ERROR[system]: Error auto-finalizando citas pasadas | error=SQLSTATE[01000]: Warning: 1265 Data truncated for column 'ultimaAccionPor' at row 5
[2026-05-04 23:53:59] ROLE_ERROR[system]: Error auto-finalizando citas pasadas | error=SQLSTATE[01000]: Warning: 1265 Data truncated for column 'ultimaAccionPor' at row 5
[2026-05-04 23:53:59] ROLE_ERROR[system]: Error auto-finalizando citas pasadas | error=SQLSTATE[01000]: Warning: 1265 Data truncated for column 'ultimaAccionPor' at row 5
[2026-05-04 23:54:02] ROLE_ERROR[system]: Error auto-finalizando citas pasadas | error=SQLSTATE[01000]: Warning: 1265 Data truncated for column 'ultimaAccionPor' at row 5
[2026-05-04 23:54:05] ROLE_ERROR[system]: Error auto-finalizando citas pasadas | error=SQLSTATE[01000]: Warning: 1265 Data truncated for column 'ultimaAccionPor' at row 5
[2026-05-04 23:54:19] ROLE_ERROR[system]: Error auto-finalizando citas pasadas | error=SQLSTATE[01000]: Warning: 1265 Data truncated for column 'ultimaAccionPor' at row 5
[2026-05-04 23:54:19] ROLE_ERROR[system]: Error auto-finalizando citas pasadas | error=SQLSTATE[01000]: Warning: 1265 Data truncated for column 'ultimaAccionPor' at row 5
[2026-05-05 00:04:02] ROLE_ERROR[system]: Error auto-finalizando citas pasadas | error=SQLSTATE[01000]: Warning: 1265 Data truncated for column 'ultimaAccionPor' at row 5
[2026-05-05 00:04:13] ROLE_ERROR[system]: Error auto-finalizando citas pasadas | error=SQLSTATE[01000]: Warning: 1265 Data truncated for column 'ultimaAccionPor' at row 5
[2026-05-05 00:04:33] ROLE_ERROR[system]: Error auto-finalizando citas pasadas | error=SQLSTATE[01000]: Warning: 1265 Data truncated for column 'ultimaAccionPor' at row 5
[2026-05-05 00:04:37] ROLE_ERROR[system]: Error auto-finalizando citas pasadas | error=SQLSTATE[01000]: Warning: 1265 Data truncated for column 'ultimaAccionPor' at row 5
[2026-05-05 00:04:38] ROLE_ERROR[system]: Error auto-finalizando citas pasadas | error=SQLSTATE[01000]: Warning: 1265 Data truncated for column 'ultimaAccionPor' at row 5
[2026-05-05 00:04:40] ROLE_ERROR[system]: Error auto-finalizando citas pasadas | error=SQLSTATE[01000]: Warning: 1265 Data truncated for column 'ultimaAccionPor' at row 5
[2026-05-05 00:05:00] ROLE_ERROR[system]: Error auto-finalizando citas pasadas | error=SQLSTATE[01000]: Warning: 1265 Data truncated for column 'ultimaAccionPor' at row 5
[2026-05-05 00:05:00] ROLE_ERROR[system]: Error auto-finalizando citas pasadas | error=SQLSTATE[01000]: Warning: 1265 Data truncated for column 'ultimaAccionPor' at row 5
[2026-05-05 14:56:46] ROLE_ERROR[system]: Error auto-finalizando citas pasadas | error=SQLSTATE[01000]: Warning: 1265 Data truncated for column 'ultimaAccionPor' at row 5
[2026-05-05 14:56:46] ROLE_ERROR[guest]: Acceso no autorizado al CompradorController | accion=verReuniones
[2026-05-05 14:56:46] ROLE_ERROR[system]: Error auto-finalizando citas pasadas | error=SQLSTATE[01000]: Warning: 1265 Data truncated for column 'ultimaAccionPor' at row 5
[2026-05-05 14:56:51] ROLE_ERROR[system]: Error auto-finalizando citas pasadas | error=SQLSTATE[01000]: Warning: 1265 Data truncated for column 'ultimaAccionPor' at row 5
[2026-05-05 14:56:51] ROLE_ERROR[system]: Error auto-finalizando citas pasadas | error=SQLSTATE[01000]: Warning: 1265 Data truncated for column 'ultimaAccionPor' at row 5
[2026-05-05 14:57:01] ROLE_ERROR[system]: Error auto-finalizando citas pasadas | error=SQLSTATE[01000]: Warning: 1265 Data truncated for column 'ultimaAccionPor' at row 5
[2026-05-05 14:57:01] ROLE_ERROR[system]: Error auto-finalizando citas pasadas | error=SQLSTATE[01000]: Warning: 1265 Data truncated for column 'ultimaAccionPor' at row 5
[2026-05-05 14:57:02] ROLE_ERROR[system]: Error auto-finalizando citas pasadas | error=SQLSTATE[01000]: Warning: 1265 Data truncated for column 'ultimaAccionPor' at row 5
[2026-05-05 14:57:05] ROLE_ERROR[system]: Error auto-finalizando citas pasadas | error=SQLSTATE[01000]: Warning: 1265 Data truncated for column 'ultimaAccionPor' at row 5
[2026-05-05 14:57:05] ROLE_ERROR[system]: Error auto-finalizando citas pasadas | error=SQLSTATE[01000]: Warning: 1265 Data truncated for column 'ultimaAccionPor' at row 5
[2026-05-05 14:57:12] ROLE_ERROR[system]: Error auto-finalizando citas pasadas | error=SQLSTATE[01000]: Warning: 1265 Data truncated for column 'ultimaAccionPor' at row 5
[2026-05-05 14:57:12] ROLE_ERROR[system]: Error auto-finalizando citas pasadas | error=SQLSTATE[01000]: Warning: 1265 Data truncated for column 'ultimaAccionPor' at row 5
[2026-05-05 14:57:13] ROLE_ERROR[system]: Error auto-finalizando citas pasadas | error=SQLSTATE[01000]: Warning: 1265 Data truncated for column 'ultimaAccionPor' at row 5
[2026-05-05 14:57:18] ROLE_ERROR[system]: Error auto-finalizando citas pasadas | error=SQLSTATE[01000]: Warning: 1265 Data truncated for column 'ultimaAccionPor' at row 5
[2026-05-05 14:57:18] ROLE_ERROR[system]: Error auto-finalizando citas pasadas | error=SQLSTATE[01000]: Warning: 1265 Data truncated for column 'ultimaAccionPor' at row 5
[2026-05-05 14:57:43] ROLE_ERROR[system]: Error auto-finalizando citas pasadas | error=SQLSTATE[01000]: Warning: 1265 Data truncated for column 'ultimaAccionPor' at row 5
[2026-05-05 14:57:43] ROLE_ERROR[system]: Error auto-finalizando citas pasadas | error=SQLSTATE[01000]: Warning: 1265 Data truncated for column 'ultimaAccionPor' at row 5
[2026-05-05 14:57:44] ROLE_ERROR[system]: Error auto-finalizando citas pasadas | error=SQLSTATE[01000]: Warning: 1265 Data truncated for column 'ultimaAccionPor' at row 5
[2026-05-05 14:57:47] ROLE_ERROR[system]: Error auto-finalizando citas pasadas | error=SQLSTATE[01000]: Warning: 1265 Data truncated for column 'ultimaAccionPor' at row 5
[2026-05-05 14:57:48] ROLE_ERROR[system]: Error auto-finalizando citas pasadas | error=SQLSTATE[01000]: Warning: 1265 Data truncated for column 'ultimaAccionPor' at row 5
[2026-05-05 14:58:32] ROLE_ERROR[system]: Error auto-finalizando citas pasadas | error=SQLSTATE[01000]: Warning: 1265 Data truncated for column 'ultimaAccionPor' at row 5
[2026-05-05 14:58:40] ROLE_ERROR[system]: Error auto-finalizando citas pasadas | error=SQLSTATE[01000]: Warning: 1265 Data truncated for column 'ultimaAccionPor' at row 5
[2026-05-05 14:58:46] ROLE_ERROR[system]: Error auto-finalizando citas pasadas | error=SQLSTATE[01000]: Warning: 1265 Data truncated for column 'ultimaAccionPor' at row 5
[2026-05-05 14:58:46] ROLE_ERROR[system]: Error auto-finalizando citas pasadas | error=SQLSTATE[01000]: Warning: 1265 Data truncated for column 'ultimaAccionPor' at row 5
[2026-05-05 14:58:48] ROLE_ERROR[system]: Error auto-finalizando citas pasadas | error=SQLSTATE[01000]: Warning: 1265 Data truncated for column 'ultimaAccionPor' at row 5
[2026-05-05 14:59:18] ROLE_ERROR[system]: Error auto-finalizando citas pasadas | error=SQLSTATE[01000]: Warning: 1265 Data truncated for column 'ultimaAccionPor' at row 5
[2026-05-05 14:59:18] ROLE_ERROR[system]: Error auto-finalizando citas pasadas | error=SQLSTATE[01000]: Warning: 1265 Data truncated for column 'ultimaAccionPor' at row 5
[2026-05-05 14:59:24] ROLE_ERROR[system]: Error auto-finalizando citas pasadas | error=SQLSTATE[01000]: Warning: 1265 Data truncated for column 'ultimaAccionPor' at row 5
[2026-05-05 14:59:27] ROLE_ERROR[system]: Error auto-finalizando citas pasadas | error=SQLSTATE[01000]: Warning: 1265 Data truncated for column 'ultimaAccionPor' at row 5
[2026-05-05 14:59:27] ROLE_ERROR[system]: Error auto-finalizando citas pasadas | error=SQLSTATE[01000]: Warning: 1265 Data truncated for column 'ultimaAccionPor' at row 5
[2026-05-05 14:59:28] ROLE_ERROR[system]: Error auto-finalizando citas pasadas | error=SQLSTATE[01000]: Warning: 1265 Data truncated for column 'ultimaAccionPor' at row 5
[2026-05-05 14:59:33] ROLE_ERROR[system]: Error auto-finalizando citas pasadas | error=SQLSTATE[01000]: Warning: 1265 Data truncated for column 'ultimaAccionPor' at row 5
[2026-05-05 14:59:33] ROLE_ERROR[system]: Error auto-finalizando citas pasadas | error=SQLSTATE[01000]: Warning: 1265 Data truncated for column 'ultimaAccionPor' at row 5
[2026-05-05 14:59:39] ROLE_ERROR[system]: Error auto-finalizando citas pasadas | error=SQLSTATE[01000]: Warning: 1265 Data truncated for column 'ultimaAccionPor' at row 5
[2026-05-05 14:59:39] ROLE_ERROR[system]: Error auto-finalizando citas pasadas | error=SQLSTATE[01000]: Warning: 1265 Data truncated for column 'ultimaAccionPor' at row 5
[2026-05-05 14:59:43] ROLE_ERROR[system]: Error auto-finalizando citas pasadas | error=SQLSTATE[01000]: Warning: 1265 Data truncated for column 'ultimaAccionPor' at row 5
[2026-05-05 14:59:46] ROLE_ERROR[system]: Error auto-finalizando citas pasadas | error=SQLSTATE[01000]: Warning: 1265 Data truncated for column 'ultimaAccionPor' at row 5
[2026-05-05 14:59:46] ROLE_ERROR[system]: Error auto-finalizando citas pasadas | error=SQLSTATE[01000]: Warning: 1265 Data truncated for column 'ultimaAccionPor' at row 5
[2026-05-05 14:59:47] ROLE_ERROR[system]: Error auto-finalizando citas pasadas | error=SQLSTATE[01000]: Warning: 1265 Data truncated for column 'ultimaAccionPor' at row 5
[2026-05-05 14:59:51] ROLE_ERROR[system]: Error auto-finalizando citas pasadas | error=SQLSTATE[01000]: Warning: 1265 Data truncated for column 'ultimaAccionPor' at row 5
[2026-05-05 14:59:51] ROLE_ERROR[system]: Error auto-finalizando citas pasadas | error=SQLSTATE[01000]: Warning: 1265 Data truncated for column 'ultimaAccionPor' at row 5
[2026-05-05 14:59:57] ROLE_ERROR[system]: Error auto-finalizando citas pasadas | error=SQLSTATE[01000]: Warning: 1265 Data truncated for column 'ultimaAccionPor' at row 5
[2026-05-05 14:59:57] ROLE_ERROR[system]: Error auto-finalizando citas pasadas | error=SQLSTATE[01000]: Warning: 1265 Data truncated for column 'ultimaAccionPor' at row 5
[2026-05-05 15:00:41] ROLE_ERROR[system]: Error auto-finalizando citas pasadas | error=SQLSTATE[01000]: Warning: 1265 Data truncated for column 'ultimaAccionPor' at row 5
[2026-05-05 15:00:41] ROLE_ERROR[system]: Error auto-finalizando citas pasadas | error=SQLSTATE[01000]: Warning: 1265 Data truncated for column 'ultimaAccionPor' at row 5
[2026-05-05 15:00:41] ROLE_ERROR[system]: Error auto-finalizando citas pasadas | error=SQLSTATE[01000]: Warning: 1265 Data truncated for column 'ultimaAccionPor' at row 5
[2026-05-05 15:00:45] ROLE_ERROR[system]: Error auto-finalizando citas pasadas | error=SQLSTATE[01000]: Warning: 1265 Data truncated for column 'ultimaAccionPor' at row 5
[2026-05-05 15:00:45] ROLE_ERROR[system]: Error auto-finalizando citas pasadas | error=SQLSTATE[01000]: Warning: 1265 Data truncated for column 'ultimaAccionPor' at row 5
[2026-05-05 15:01:21] ROLE_ERROR[system]: Error auto-finalizando citas pasadas | error=SQLSTATE[01000]: Warning: 1265 Data truncated for column 'ultimaAccionPor' at row 5
[2026-05-05 15:01:21] ROLE_ERROR[system]: Error auto-finalizando citas pasadas | error=SQLSTATE[01000]: Warning: 1265 Data truncated for column 'ultimaAccionPor' at row 5
[2026-05-05 15:01:29] ROLE_ERROR[system]: Error auto-finalizando citas pasadas | error=SQLSTATE[01000]: Warning: 1265 Data truncated for column 'ultimaAccionPor' at row 5
[2026-05-05 15:01:29] ROLE_ERROR[system]: Error auto-finalizando citas pasadas | error=SQLSTATE[01000]: Warning: 1265 Data truncated for column 'ultimaAccionPor' at row 5
[2026-05-05 15:03:22] ROLE_ERROR[system]: Error auto-finalizando citas pasadas | error=SQLSTATE[01000]: Warning: 1265 Data truncated for column 'ultimaAccionPor' at row 5
[2026-05-05 15:03:25] ROLE_ERROR[system]: Error auto-finalizando citas pasadas | error=SQLSTATE[01000]: Warning: 1265 Data truncated for column 'ultimaAccionPor' at row 5
[2026-05-05 15:03:25] ROLE_ERROR[system]: Error auto-finalizando citas pasadas | error=SQLSTATE[01000]: Warning: 1265 Data truncated for column 'ultimaAccionPor' at row 5
[2026-05-05 15:03:26] ROLE_ERROR[system]: Error auto-finalizando citas pasadas | error=SQLSTATE[01000]: Warning: 1265 Data truncated for column 'ultimaAccionPor' at row 5
[2026-05-05 15:03:33] ROLE_ERROR[system]: Error auto-finalizando citas pasadas | error=SQLSTATE[01000]: Warning: 1265 Data truncated for column 'ultimaAccionPor' at row 5
[2026-05-05 15:03:33] ROLE_ERROR[system]: Error auto-finalizando citas pasadas | error=SQLSTATE[01000]: Warning: 1265 Data truncated for column 'ultimaAccionPor' at row 5
[2026-05-05 15:03:39] ROLE_ERROR[system]: Error auto-finalizando citas pasadas | error=SQLSTATE[01000]: Warning: 1265 Data truncated for column 'ultimaAccionPor' at row 5
[2026-05-05 15:04:11] ROLE_ERROR[system]: Error auto-finalizando citas pasadas | error=SQLSTATE[01000]: Warning: 1265 Data truncated for column 'ultimaAccionPor' at row 5
[2026-05-05 15:04:11] ROLE_ERROR[system]: Error auto-finalizando citas pasadas | error=SQLSTATE[01000]: Warning: 1265 Data truncated for column 'ultimaAccionPor' at row 5
[2026-05-05 15:06:32] ROLE_ERROR[system]: Error auto-finalizando citas pasadas | error=SQLSTATE[01000]: Warning: 1265 Data truncated for column 'ultimaAccionPor' at row 5
[2026-05-05 15:06:32] ROLE_ERROR[system]: Error auto-finalizando citas pasadas | error=SQLSTATE[01000]: Warning: 1265 Data truncated for column 'ultimaAccionPor' at row 5
[2026-05-05 15:06:33] ROLE_ERROR[system]: Error auto-finalizando citas pasadas | error=SQLSTATE[01000]: Warning: 1265 Data truncated for column 'ultimaAccionPor' at row 5
[2026-05-05 15:06:37] ROLE_ERROR[system]: Error auto-finalizando citas pasadas | error=SQLSTATE[01000]: Warning: 1265 Data truncated for column 'ultimaAccionPor' at row 5
[2026-05-05 15:06:37] ROLE_ERROR[system]: Error auto-finalizando citas pasadas | error=SQLSTATE[01000]: Warning: 1265 Data truncated for column 'ultimaAccionPor' at row 5
[2026-05-05 15:06:47] ROLE_ERROR[system]: Error auto-finalizando citas pasadas | error=SQLSTATE[01000]: Warning: 1265 Data truncated for column 'ultimaAccionPor' at row 5
[2026-05-05 15:07:09] ROLE_ERROR[system]: Error auto-finalizando citas pasadas | error=SQLSTATE[01000]: Warning: 1265 Data truncated for column 'ultimaAccionPor' at row 5
[2026-05-05 15:08:49] ROLE_ERROR[system]: Error auto-finalizando citas pasadas | error=SQLSTATE[01000]: Warning: 1265 Data truncated for column 'ultimaAccionPor' at row 5
[2026-05-05 15:08:51] ROLE_ERROR[system]: Error auto-finalizando citas pasadas | error=SQLSTATE[01000]: Warning: 1265 Data truncated for column 'ultimaAccionPor' at row 5
[2026-05-05 15:09:00] ROLE_ERROR[system]: Error auto-finalizando citas pasadas | error=SQLSTATE[01000]: Warning: 1265 Data truncated for column 'ultimaAccionPor' at row 5
[2026-05-05 15:09:00] ROLE_ERROR[system]: Error auto-finalizando citas pasadas | error=SQLSTATE[01000]: Warning: 1265 Data truncated for column 'ultimaAccionPor' at row 5
[2026-05-05 15:09:03] ROLE_ERROR[system]: Error auto-finalizando citas pasadas | error=SQLSTATE[01000]: Warning: 1265 Data truncated for column 'ultimaAccionPor' at row 5
[2026-05-05 15:09:07] ROLE_ERROR[system]: Error auto-finalizando citas pasadas | error=SQLSTATE[01000]: Warning: 1265 Data truncated for column 'ultimaAccionPor' at row 5
[2026-05-05 15:09:07] ROLE_ERROR[system]: Error auto-finalizando citas pasadas | error=SQLSTATE[01000]: Warning: 1265 Data truncated for column 'ultimaAccionPor' at row 5
[2026-05-05 15:09:18] ROLE_ERROR[system]: Error auto-finalizando citas pasadas | error=SQLSTATE[01000]: Warning: 1265 Data truncated for column 'ultimaAccionPor' at row 5
[2026-05-05 15:09:18] ROLE_ERROR[system]: Error auto-finalizando citas pasadas | error=SQLSTATE[01000]: Warning: 1265 Data truncated for column 'ultimaAccionPor' at row 5
[2026-05-05 15:09:19] ROLE_ERROR[system]: Error auto-finalizando citas pasadas | error=SQLSTATE[01000]: Warning: 1265 Data truncated for column 'ultimaAccionPor' at row 5
[2026-05-05 15:10:21] ROLE_ERROR[system]: Error auto-finalizando citas pasadas | error=SQLSTATE[01000]: Warning: 1265 Data truncated for column 'ultimaAccionPor' at row 5
[2026-05-05 15:10:32] ROLE_ERROR[system]: Error auto-finalizando citas pasadas | error=SQLSTATE[01000]: Warning: 1265 Data truncated for column 'ultimaAccionPor' at row 5
[2026-05-05 15:10:54] ROLE_ERROR[system]: Error auto-finalizando citas pasadas | error=SQLSTATE[01000]: Warning: 1265 Data truncated for column 'ultimaAccionPor' at row 5
[2026-05-05 15:10:54] ROLE_ERROR[system]: Error auto-finalizando citas pasadas | error=SQLSTATE[01000]: Warning: 1265 Data truncated for column 'ultimaAccionPor' at row 5
[2026-05-05 15:11:02] ROLE_ERROR[system]: Error auto-finalizando citas pasadas | error=SQLSTATE[01000]: Warning: 1265 Data truncated for column 'ultimaAccionPor' at row 5
[2026-05-05 15:11:08] ROLE_ERROR[system]: Error auto-finalizando citas pasadas | error=SQLSTATE[01000]: Warning: 1265 Data truncated for column 'ultimaAccionPor' at row 5
[2026-05-05 15:11:08] ROLE_ERROR[system]: Error auto-finalizando citas pasadas | error=SQLSTATE[01000]: Warning: 1265 Data truncated for column 'ultimaAccionPor' at row 5
[2026-05-05 15:11:18] ROLE_ERROR[system]: Error auto-finalizando citas pasadas | error=SQLSTATE[01000]: Warning: 1265 Data truncated for column 'ultimaAccionPor' at row 5
[2026-05-05 15:11:49] ROLE_ERROR[system]: Error auto-finalizando citas pasadas | error=SQLSTATE[01000]: Warning: 1265 Data truncated for column 'ultimaAccionPor' at row 5
[2026-05-05 15:11:51] ROLE_ERROR[system]: Error auto-finalizando citas pasadas | error=SQLSTATE[01000]: Warning: 1265 Data truncated for column 'ultimaAccionPor' at row 5
[2026-05-05 15:11:51] ROLE_ERROR[system]: Error auto-finalizando citas pasadas | error=SQLSTATE[01000]: Warning: 1265 Data truncated for column 'ultimaAccionPor' at row 5
[2026-05-05 15:11:52] ROLE_ERROR[system]: Error auto-finalizando citas pasadas | error=SQLSTATE[01000]: Warning: 1265 Data truncated for column 'ultimaAccionPor' at row 5
[2026-05-05 15:11:52] ROLE_ERROR[system]: Error auto-finalizando citas pasadas | error=SQLSTATE[01000]: Warning: 1265 Data truncated for column 'ultimaAccionPor' at row 5
[2026-05-05 15:11:53] ROLE_ERROR[system]: Error auto-finalizando citas pasadas | error=SQLSTATE[01000]: Warning: 1265 Data truncated for column 'ultimaAccionPor' at row 5
[2026-05-05 15:11:59] ROLE_ERROR[system]: Error auto-finalizando citas pasadas | error=SQLSTATE[01000]: Warning: 1265 Data truncated for column 'ultimaAccionPor' at row 5
[2026-05-05 15:11:59] ROLE_ERROR[system]: Error auto-finalizando citas pasadas | error=SQLSTATE[01000]: Warning: 1265 Data truncated for column 'ultimaAccionPor' at row 5
[2026-05-05 15:12:06] ROLE_ERROR[system]: Error auto-finalizando citas pasadas | error=SQLSTATE[01000]: Warning: 1265 Data truncated for column 'ultimaAccionPor' at row 5
[2026-05-05 15:12:06] ROLE_ERROR[system]: Error auto-finalizando citas pasadas | error=SQLSTATE[01000]: Warning: 1265 Data truncated for column 'ultimaAccionPor' at row 5
[2026-05-05 15:12:10] ROLE_ERROR[system]: Error auto-finalizando citas pasadas | error=SQLSTATE[01000]: Warning: 1265 Data truncated for column 'ultimaAccionPor' at row 5
[2026-05-05 15:12:10] ROLE_ERROR[system]: Error auto-finalizando citas pasadas | error=SQLSTATE[01000]: Warning: 1265 Data truncated for column 'ultimaAccionPor' at row 5
[2026-05-05 15:12:11] ROLE_ERROR[system]: Error auto-finalizando citas pasadas | error=SQLSTATE[01000]: Warning: 1265 Data truncated for column 'ultimaAccionPor' at row 5
[2026-05-05 15:12:15] ROLE_ERROR[system]: Error auto-finalizando citas pasadas | error=SQLSTATE[01000]: Warning: 1265 Data truncated for column 'ultimaAccionPor' at row 5
[2026-05-05 15:12:15] ROLE_ERROR[system]: Error auto-finalizando citas pasadas | error=SQLSTATE[01000]: Warning: 1265 Data truncated for column 'ultimaAccionPor' at row 5
[2026-05-05 15:12:39] ROLE_ERROR[system]: Error auto-finalizando citas pasadas | error=SQLSTATE[01000]: Warning: 1265 Data truncated for column 'ultimaAccionPor' at row 5
[2026-05-05 15:12:48] ROLE_ERROR[system]: Error auto-finalizando citas pasadas | error=SQLSTATE[01000]: Warning: 1265 Data truncated for column 'ultimaAccionPor' at row 5
[2026-05-05 15:13:17] ROLE_ERROR[system]: Error auto-finalizando citas pasadas | error=SQLSTATE[01000]: Warning: 1265 Data truncated for column 'ultimaAccionPor' at row 5
[2026-05-05 15:13:20] ROLE_ERROR[system]: Error auto-finalizando citas pasadas | error=SQLSTATE[01000]: Warning: 1265 Data truncated for column 'ultimaAccionPor' at row 5
[2026-05-05 15:13:20] ROLE_ERROR[system]: Error auto-finalizando citas pasadas | error=SQLSTATE[01000]: Warning: 1265 Data truncated for column 'ultimaAccionPor' at row 5
[2026-05-05 15:13:22] ROLE_ERROR[system]: Error auto-finalizando citas pasadas | error=SQLSTATE[01000]: Warning: 1265 Data truncated for column 'ultimaAccionPor' at row 5
[2026-05-05 15:13:32] ROLE_ERROR[system]: Error auto-finalizando citas pasadas | error=SQLSTATE[01000]: Warning: 1265 Data truncated for column 'ultimaAccionPor' at row 5
[2026-05-05 15:13:39] ROLE_ERROR[system]: Error auto-finalizando citas pasadas | error=SQLSTATE[01000]: Warning: 1265 Data truncated for column 'ultimaAccionPor' at row 5
[2026-05-05 15:13:39] ROLE_ERROR[system]: Error auto-finalizando citas pasadas | error=SQLSTATE[01000]: Warning: 1265 Data truncated for column 'ultimaAccionPor' at row 5
[2026-05-05 15:13:46] ROLE_ERROR[system]: Error auto-finalizando citas pasadas | error=SQLSTATE[01000]: Warning: 1265 Data truncated for column 'ultimaAccionPor' at row 5
[2026-05-05 15:14:06] ROLE_ERROR[system]: Error auto-finalizando citas pasadas | error=SQLSTATE[01000]: Warning: 1265 Data truncated for column 'ultimaAccionPor' at row 5
[2026-05-05 15:14:06] ROLE_ERROR[system]: Error auto-finalizando citas pasadas | error=SQLSTATE[01000]: Warning: 1265 Data truncated for column 'ultimaAccionPor' at row 5
[2026-05-05 15:14:29] ROLE_ERROR[system]: Error auto-finalizando citas pasadas | error=SQLSTATE[01000]: Warning: 1265 Data truncated for column 'ultimaAccionPor' at row 5
[2026-05-05 15:14:32] ROLE_ERROR[system]: Error auto-finalizando citas pasadas | error=SQLSTATE[01000]: Warning: 1265 Data truncated for column 'ultimaAccionPor' at row 5
[2026-05-05 15:14:32] ROLE_ERROR[system]: Error auto-finalizando citas pasadas | error=SQLSTATE[01000]: Warning: 1265 Data truncated for column 'ultimaAccionPor' at row 5
[2026-05-05 15:14:34] ROLE_ERROR[system]: Error auto-finalizando citas pasadas | error=SQLSTATE[01000]: Warning: 1265 Data truncated for column 'ultimaAccionPor' at row 5
[2026-05-05 15:14:34] ROLE_ERROR[system]: Error auto-finalizando citas pasadas | error=SQLSTATE[01000]: Warning: 1265 Data truncated for column 'ultimaAccionPor' at row 5
[2026-05-05 15:14:35] ROLE_ERROR[system]: Error auto-finalizando citas pasadas | error=SQLSTATE[01000]: Warning: 1265 Data truncated for column 'ultimaAccionPor' at row 5
[2026-05-05 15:14:45] ROLE_ERROR[system]: Error auto-finalizando citas pasadas | error=SQLSTATE[01000]: Warning: 1265 Data truncated for column 'ultimaAccionPor' at row 5
[2026-05-05 15:14:45] ROLE_ERROR[system]: Error auto-finalizando citas pasadas | error=SQLSTATE[01000]: Warning: 1265 Data truncated for column 'ultimaAccionPor' at row 5
[2026-05-05 15:14:48] ROLE_ERROR[system]: Error auto-finalizando citas pasadas | error=SQLSTATE[01000]: Warning: 1265 Data truncated for column 'ultimaAccionPor' at row 5
[2026-05-05 15:14:50] ROLE_ERROR[system]: Error auto-finalizando citas pasadas | error=SQLSTATE[01000]: Warning: 1265 Data truncated for column 'ultimaAccionPor' at row 5
[2026-05-05 15:14:50] ROLE_ERROR[system]: Error auto-finalizando citas pasadas | error=SQLSTATE[01000]: Warning: 1265 Data truncated for column 'ultimaAccionPor' at row 5
[2026-05-05 15:14:51] ROLE_ERROR[system]: Error auto-finalizando citas pasadas | error=SQLSTATE[01000]: Warning: 1265 Data truncated for column 'ultimaAccionPor' at row 5
[2026-05-05 15:14:56] ROLE_ERROR[system]: Error auto-finalizando citas pasadas | error=SQLSTATE[01000]: Warning: 1265 Data truncated for column 'ultimaAccionPor' at row 5
[2026-05-05 15:14:56] ROLE_ERROR[system]: Error auto-finalizando citas pasadas | error=SQLSTATE[01000]: Warning: 1265 Data truncated for column 'ultimaAccionPor' at row 5
[2026-05-05 15:15:01] ROLE_ERROR[system]: Error auto-finalizando citas pasadas | error=SQLSTATE[01000]: Warning: 1265 Data truncated for column 'ultimaAccionPor' at row 5
[2026-05-05 15:15:01] ROLE_ERROR[system]: Error auto-finalizando citas pasadas | error=SQLSTATE[01000]: Warning: 1265 Data truncated for column 'ultimaAccionPor' at row 5
[2026-05-05 15:15:03] ROLE_ERROR[system]: Error auto-finalizando citas pasadas | error=SQLSTATE[01000]: Warning: 1265 Data truncated for column 'ultimaAccionPor' at row 5
[2026-05-05 15:15:03] ROLE_ERROR[system]: Error auto-finalizando citas pasadas | error=SQLSTATE[01000]: Warning: 1265 Data truncated for column 'ultimaAccionPor' at row 5
[2026-05-05 15:15:04] ROLE_ERROR[system]: Error auto-finalizando citas pasadas | error=SQLSTATE[01000]: Warning: 1265 Data truncated for column 'ultimaAccionPor' at row 5
[2026-05-05 15:15:10] ROLE_ERROR[system]: Error auto-finalizando citas pasadas | error=SQLSTATE[01000]: Warning: 1265 Data truncated for column 'ultimaAccionPor' at row 5
[2026-05-05 15:15:10] ROLE_ERROR[system]: Error auto-finalizando citas pasadas | error=SQLSTATE[01000]: Warning: 1265 Data truncated for column 'ultimaAccionPor' at row 5
[2026-05-05 15:15:12] ROLE_ERROR[system]: Error auto-finalizando citas pasadas | error=SQLSTATE[01000]: Warning: 1265 Data truncated for column 'ultimaAccionPor' at row 5
[2026-05-05 15:16:17] ROLE_ERROR[system]: Error auto-finalizando citas pasadas | error=SQLSTATE[01000]: Warning: 1265 Data truncated for column 'ultimaAccionPor' at row 5
[2026-05-05 15:16:17] ROLE_ERROR[system]: Error auto-finalizando citas pasadas | error=SQLSTATE[01000]: Warning: 1265 Data truncated for column 'ultimaAccionPor' at row 5
[2026-05-05 15:16:19] ROLE_ERROR[system]: Error auto-finalizando citas pasadas | error=SQLSTATE[01000]: Warning: 1265 Data truncated for column 'ultimaAccionPor' at row 5
[2026-05-05 15:16:28] ROLE_ERROR[system]: Error auto-finalizando citas pasadas | error=SQLSTATE[01000]: Warning: 1265 Data truncated for column 'ultimaAccionPor' at row 5
[2026-05-05 15:16:28] ROLE_ERROR[system]: Error auto-finalizando citas pasadas | error=SQLSTATE[01000]: Warning: 1265 Data truncated for column 'ultimaAccionPor' at row 5
[2026-05-05 15:16:29] ROLE_ERROR[system]: Error auto-finalizando citas pasadas | error=SQLSTATE[01000]: Warning: 1265 Data truncated for column 'ultimaAccionPor' at row 5
[2026-05-05 15:16:33] ROLE_ERROR[system]: Error auto-finalizando citas pasadas | error=SQLSTATE[01000]: Warning: 1265 Data truncated for column 'ultimaAccionPor' at row 5
[2026-05-05 15:16:33] ROLE_ERROR[system]: Error auto-finalizando citas pasadas | error=SQLSTATE[01000]: Warning: 1265 Data truncated for column 'ultimaAccionPor' at row 5
[2026-05-05 15:16:36] ROLE_ERROR[system]: Error auto-finalizando citas pasadas | error=SQLSTATE[01000]: Warning: 1265 Data truncated for column 'ultimaAccionPor' at row 5
[2026-05-05 15:16:54] ROLE_ERROR[system]: Error auto-finalizando citas pasadas | error=SQLSTATE[01000]: Warning: 1265 Data truncated for column 'ultimaAccionPor' at row 5
[2026-05-05 15:16:56] ROLE_ERROR[system]: Error auto-finalizando citas pasadas | error=SQLSTATE[01000]: Warning: 1265 Data truncated for column 'ultimaAccionPor' at row 5
[2026-05-05 15:16:59] ROLE_ERROR[system]: Error auto-finalizando citas pasadas | error=SQLSTATE[01000]: Warning: 1265 Data truncated for column 'ultimaAccionPor' at row 5
[2026-05-05 15:17:03] ROLE_ERROR[system]: Error auto-finalizando citas pasadas | error=SQLSTATE[01000]: Warning: 1265 Data truncated for column 'ultimaAccionPor' at row 5
[2026-05-05 15:17:06] ROLE_ERROR[system]: Error auto-finalizando citas pasadas | error=SQLSTATE[01000]: Warning: 1265 Data truncated for column 'ultimaAccionPor' at row 5
[2026-05-05 15:17:06] ROLE_ERROR[system]: Error auto-finalizando citas pasadas | error=SQLSTATE[01000]: Warning: 1265 Data truncated for column 'ultimaAccionPor' at row 5
[2026-05-05 15:18:00] ROLE_ERROR[system]: Error auto-finalizando citas pasadas | error=SQLSTATE[01000]: Warning: 1265 Data truncated for column 'ultimaAccionPor' at row 5
[2026-05-05 15:18:00] ROLE_ERROR[system]: Error auto-finalizando citas pasadas | error=SQLSTATE[01000]: Warning: 1265 Data truncated for column 'ultimaAccionPor' at row 5
[2026-05-05 15:18:01] ROLE_ERROR[system]: Error auto-finalizando citas pasadas | error=SQLSTATE[01000]: Warning: 1265 Data truncated for column 'ultimaAccionPor' at row 5
[2026-05-05 15:18:06] ROLE_ERROR[system]: Error auto-finalizando citas pasadas | error=SQLSTATE[01000]: Warning: 1265 Data truncated for column 'ultimaAccionPor' at row 5
[2026-05-05 15:18:06] ROLE_ERROR[system]: Error auto-finalizando citas pasadas | error=SQLSTATE[01000]: Warning: 1265 Data truncated for column 'ultimaAccionPor' at row 5
[2026-05-05 15:18:08] ROLE_ERROR[system]: Error auto-finalizando citas pasadas | error=SQLSTATE[01000]: Warning: 1265 Data truncated for column 'ultimaAccionPor' at row 5
[2026-05-05 15:18:13] ROLE_ERROR[system]: Error auto-finalizando citas pasadas | error=SQLSTATE[01000]: Warning: 1265 Data truncated for column 'ultimaAccionPor' at row 5
[2026-05-05 15:18:13] ROLE_ERROR[system]: Error auto-finalizando citas pasadas | error=SQLSTATE[01000]: Warning: 1265 Data truncated for column 'ultimaAccionPor' at row 5
[2026-05-05 15:18:15] ROLE_ERROR[system]: Error auto-finalizando citas pasadas | error=SQLSTATE[01000]: Warning: 1265 Data truncated for column 'ultimaAccionPor' at row 5
[2026-05-05 15:18:15] ROLE_ERROR[system]: Error auto-finalizando citas pasadas | error=SQLSTATE[01000]: Warning: 1265 Data truncated for column 'ultimaAccionPor' at row 5
[2026-05-05 15:18:15] ROLE_ERROR[system]: Error auto-finalizando citas pasadas | error=SQLSTATE[01000]: Warning: 1265 Data truncated for column 'ultimaAccionPor' at row 5
[2026-05-05 15:18:19] ROLE_ERROR[system]: Error auto-finalizando citas pasadas | error=SQLSTATE[01000]: Warning: 1265 Data truncated for column 'ultimaAccionPor' at row 5
[2026-05-05 15:18:19] ROLE_ERROR[system]: Error auto-finalizando citas pasadas | error=SQLSTATE[01000]: Warning: 1265 Data truncated for column 'ultimaAccionPor' at row 5
[2026-05-05 15:19:08] ROLE_ERROR[system]: Error auto-finalizando citas pasadas | error=SQLSTATE[01000]: Warning: 1265 Data truncated for column 'ultimaAccionPor' at row 5
[2026-05-05 15:19:35] ROLE_ERROR[system]: Error auto-finalizando citas pasadas | error=SQLSTATE[01000]: Warning: 1265 Data truncated for column 'ultimaAccionPor' at row 5
[2026-05-05 15:19:35] ROLE_ERROR[system]: Error auto-finalizando citas pasadas | error=SQLSTATE[01000]: Warning: 1265 Data truncated for column 'ultimaAccionPor' at row 5
[2026-05-05 15:19:40] ROLE_ERROR[system]: Error auto-finalizando citas pasadas | error=SQLSTATE[01000]: Warning: 1265 Data truncated for column 'ultimaAccionPor' at row 5
[2026-05-05 15:20:06] ROLE_ERROR[system]: Error auto-finalizando citas pasadas | error=SQLSTATE[01000]: Warning: 1265 Data truncated for column 'ultimaAccionPor' at row 5
[2026-05-05 15:20:06] ROLE_ERROR[system]: Error auto-finalizando citas pasadas | error=SQLSTATE[01000]: Warning: 1265 Data truncated for column 'ultimaAccionPor' at row 5
[2026-05-05 15:20:06] ROLE_ERROR[system]: Error auto-finalizando citas pasadas | error=SQLSTATE[01000]: Warning: 1265 Data truncated for column 'ultimaAccionPor' at row 5
[2026-05-05 15:20:13] ROLE_ERROR[system]: Error auto-finalizando citas pasadas | error=SQLSTATE[01000]: Warning: 1265 Data truncated for column 'ultimaAccionPor' at row 5
[2026-05-05 15:20:13] ROLE_ERROR[system]: Error auto-finalizando citas pasadas | error=SQLSTATE[01000]: Warning: 1265 Data truncated for column 'ultimaAccionPor' at row 5
[2026-05-05 15:20:17] ROLE_ERROR[system]: Error auto-finalizando citas pasadas | error=SQLSTATE[01000]: Warning: 1265 Data truncated for column 'ultimaAccionPor' at row 5
[2026-05-05 15:20:24] ROLE_ERROR[system]: Error auto-finalizando citas pasadas | error=SQLSTATE[01000]: Warning: 1265 Data truncated for column 'ultimaAccionPor' at row 5
[2026-05-05 15:20:36] ROLE_ERROR[system]: Error auto-finalizando citas pasadas | error=SQLSTATE[01000]: Warning: 1265 Data truncated for column 'ultimaAccionPor' at row 5
[2026-05-05 15:20:36] ROLE_ERROR[system]: Error auto-finalizando citas pasadas | error=SQLSTATE[01000]: Warning: 1265 Data truncated for column 'ultimaAccionPor' at row 5
[2026-05-05 15:20:37] ROLE_ERROR[system]: Error auto-finalizando citas pasadas | error=SQLSTATE[01000]: Warning: 1265 Data truncated for column 'ultimaAccionPor' at row 5
[2026-05-05 15:20:41] ROLE_ERROR[system]: Error auto-finalizando citas pasadas | error=SQLSTATE[01000]: Warning: 1265 Data truncated for column 'ultimaAccionPor' at row 5
[2026-05-05 15:20:41] ROLE_ERROR[system]: Error auto-finalizando citas pasadas | error=SQLSTATE[01000]: Warning: 1265 Data truncated for column 'ultimaAccionPor' at row 5
[2026-05-05 15:20:46] ROLE_ERROR[system]: Error auto-finalizando citas pasadas | error=SQLSTATE[01000]: Warning: 1265 Data truncated for column 'ultimaAccionPor' at row 5
[2026-05-05 15:21:24] ROLE_ERROR[system]: Error auto-finalizando citas pasadas | error=SQLSTATE[01000]: Warning: 1265 Data truncated for column 'ultimaAccionPor' at row 5
[2026-05-05 15:21:34] ROLE_ERROR[system]: Error auto-finalizando citas pasadas | error=SQLSTATE[01000]: Warning: 1265 Data truncated for column 'ultimaAccionPor' at row 5
[2026-05-05 15:22:12] ROLE_ERROR[system]: Error auto-finalizando citas pasadas | error=SQLSTATE[01000]: Warning: 1265 Data truncated for column 'ultimaAccionPor' at row 5
[2026-05-05 15:23:41] ROLE_ERROR[system]: Error auto-finalizando citas pasadas | error=SQLSTATE[01000]: Warning: 1265 Data truncated for column 'ultimaAccionPor' at row 5
[2026-05-05 15:23:52] ROLE_ERROR[system]: Error auto-finalizando citas pasadas | error=SQLSTATE[01000]: Warning: 1265 Data truncated for column 'ultimaAccionPor' at row 5
[2026-05-05 16:25:20] ROLE_ERROR[system]: Error auto-finalizando citas pasadas | error=SQLSTATE[01000]: Warning: 1265 Data truncated for column 'ultimaAccionPor' at row 5
[2026-05-05 16:25:21] ROLE_ERROR[system]: Error auto-finalizando citas pasadas | error=SQLSTATE[01000]: Warning: 1265 Data truncated for column 'ultimaAccionPor' at row 5
[2026-05-05 16:25:21] ROLE_ERROR[system]: Error auto-finalizando citas pasadas | error=SQLSTATE[01000]: Warning: 1265 Data truncated for column 'ultimaAccionPor' at row 5
[2026-05-05 16:25:27] ROLE_ERROR[system]: Error auto-finalizando citas pasadas | error=SQLSTATE[01000]: Warning: 1265 Data truncated for column 'ultimaAccionPor' at row 5
[2026-05-05 16:25:27] ROLE_ERROR[system]: Error auto-finalizando citas pasadas | error=SQLSTATE[01000]: Warning: 1265 Data truncated for column 'ultimaAccionPor' at row 5
[2026-05-05 16:25:29] ROLE_ERROR[system]: Error auto-finalizando citas pasadas | error=SQLSTATE[01000]: Warning: 1265 Data truncated for column 'ultimaAccionPor' at row 5
[2026-05-05 16:25:33] ROLE_ERROR[system]: Error auto-finalizando citas pasadas | error=SQLSTATE[01000]: Warning: 1265 Data truncated for column 'ultimaAccionPor' at row 5
[2026-05-05 16:25:34] ROLE_ERROR[system]: Error auto-finalizando citas pasadas | error=SQLSTATE[01000]: Warning: 1265 Data truncated for column 'ultimaAccionPor' at row 5
[2026-05-05 16:25:39] ROLE_ERROR[system]: Error auto-finalizando citas pasadas | error=SQLSTATE[01000]: Warning: 1265 Data truncated for column 'ultimaAccionPor' at row 5
[2026-05-05 16:25:41] ROLE_ERROR[system]: Error auto-finalizando citas pasadas | error=SQLSTATE[01000]: Warning: 1265 Data truncated for column 'ultimaAccionPor' at row 5
[2026-05-05 16:27:08] ROLE_ERROR[system]: Error auto-finalizando citas pasadas | error=SQLSTATE[01000]: Warning: 1265 Data truncated for column 'ultimaAccionPor' at row 5
[2026-05-05 16:27:12] ROLE_ERROR[system]: Error auto-finalizando citas pasadas | error=SQLSTATE[01000]: Warning: 1265 Data truncated for column 'ultimaAccionPor' at row 5
[2026-05-05 16:27:33] ROLE_ERROR[system]: Error auto-finalizando citas pasadas | error=SQLSTATE[01000]: Warning: 1265 Data truncated for column 'ultimaAccionPor' at row 5
[2026-05-05 16:27:36] ROLE_ERROR[system]: Error auto-finalizando citas pasadas | error=SQLSTATE[01000]: Warning: 1265 Data truncated for column 'ultimaAccionPor' at row 5
[2026-05-05 16:30:14] ROLE_ERROR[system]: Error auto-finalizando citas pasadas | error=SQLSTATE[01000]: Warning: 1265 Data truncated for column 'ultimaAccionPor' at row 5
[2026-05-05 16:30:14] ROLE_ERROR[system]: Error auto-finalizando citas pasadas | error=SQLSTATE[01000]: Warning: 1265 Data truncated for column 'ultimaAccionPor' at row 5
[2026-05-05 16:30:14] ROLE_ERROR[system]: Error auto-finalizando citas pasadas | error=SQLSTATE[01000]: Warning: 1265 Data truncated for column 'ultimaAccionPor' at row 5
[2026-05-05 16:30:21] ROLE_ERROR[system]: Error auto-finalizando citas pasadas | error=SQLSTATE[01000]: Warning: 1265 Data truncated for column 'ultimaAccionPor' at row 5
[2026-05-05 16:30:21] ROLE_ERROR[system]: Error auto-finalizando citas pasadas | error=SQLSTATE[01000]: Warning: 1265 Data truncated for column 'ultimaAccionPor' at row 5
[2026-05-05 16:30:24] ROLE_ERROR[system]: Error auto-finalizando citas pasadas | error=SQLSTATE[01000]: Warning: 1265 Data truncated for column 'ultimaAccionPor' at row 5
[2026-05-05 16:30:24] ROLE_ERROR[system]: Error auto-finalizando citas pasadas | error=SQLSTATE[01000]: Warning: 1265 Data truncated for column 'ultimaAccionPor' at row 5
[2026-05-05 16:30:25] ROLE_ERROR[system]: Error auto-finalizando citas pasadas | error=SQLSTATE[01000]: Warning: 1265 Data truncated for column 'ultimaAccionPor' at row 5
[2026-05-05 16:30:30] ROLE_ERROR[system]: Error auto-finalizando citas pasadas | error=SQLSTATE[01000]: Warning: 1265 Data truncated for column 'ultimaAccionPor' at row 5
[2026-05-05 16:30:30] ROLE_ERROR[system]: Error auto-finalizando citas pasadas | error=SQLSTATE[01000]: Warning: 1265 Data truncated for column 'ultimaAccionPor' at row 5
[2026-05-05 16:30:31] ROLE_ERROR[system]: Error auto-finalizando citas pasadas | error=SQLSTATE[01000]: Warning: 1265 Data truncated for column 'ultimaAccionPor' at row 5
[2026-05-05 16:32:40] ROLE_ERROR[system]: Error auto-finalizando citas pasadas | error=SQLSTATE[01000]: Warning: 1265 Data truncated for column 'ultimaAccionPor' at row 5
[2026-05-05 16:32:42] ROLE_ERROR[system]: Error auto-finalizando citas pasadas | error=SQLSTATE[01000]: Warning: 1265 Data truncated for column 'ultimaAccionPor' at row 5
[2026-05-05 16:32:44] ROLE_ERROR[system]: Error auto-finalizando citas pasadas | error=SQLSTATE[01000]: Warning: 1265 Data truncated for column 'ultimaAccionPor' at row 5
[2026-05-05 16:32:44] ROLE_ERROR[system]: Error auto-finalizando citas pasadas | error=SQLSTATE[01000]: Warning: 1265 Data truncated for column 'ultimaAccionPor' at row 5
[2026-05-05 16:32:45] ROLE_ERROR[system]: Error auto-finalizando citas pasadas | error=SQLSTATE[01000]: Warning: 1265 Data truncated for column 'ultimaAccionPor' at row 5
[2026-05-05 16:32:45] ROLE_ERROR[system]: Error auto-finalizando citas pasadas | error=SQLSTATE[01000]: Warning: 1265 Data truncated for column 'ultimaAccionPor' at row 5
[2026-05-05 16:35:06] ROLE_ERROR[system]: Error auto-finalizando citas pasadas | error=SQLSTATE[01000]: Warning: 1265 Data truncated for column 'ultimaAccionPor' at row 5
[2026-05-05 16:35:07] ROLE_ERROR[system]: Error auto-finalizando citas pasadas | error=SQLSTATE[01000]: Warning: 1265 Data truncated for column 'ultimaAccionPor' at row 5
[2026-05-05 16:35:08] ROLE_ERROR[system]: Error auto-finalizando citas pasadas | error=SQLSTATE[01000]: Warning: 1265 Data truncated for column 'ultimaAccionPor' at row 5
[2026-05-05 16:35:11] ROLE_ERROR[system]: Error auto-finalizando citas pasadas | error=SQLSTATE[01000]: Warning: 1265 Data truncated for column 'ultimaAccionPor' at row 5
[2026-05-05 16:35:12] ROLE_ERROR[system]: Error auto-finalizando citas pasadas | error=SQLSTATE[01000]: Warning: 1265 Data truncated for column 'ultimaAccionPor' at row 5
[2026-05-05 16:35:12] ROLE_ERROR[system]: Error auto-finalizando citas pasadas | error=SQLSTATE[01000]: Warning: 1265 Data truncated for column 'ultimaAccionPor' at row 5
[2026-05-05 16:41:22] ROLE_ERROR[system]: Error auto-finalizando citas pasadas | error=SQLSTATE[01000]: Warning: 1265 Data truncated for column 'ultimaAccionPor' at row 5
[2026-05-05 16:41:23] ROLE_ERROR[system]: Error auto-finalizando citas pasadas | error=SQLSTATE[01000]: Warning: 1265 Data truncated for column 'ultimaAccionPor' at row 5
[2026-05-05 16:54:02] ROLE_ERROR[system]: Error auto-finalizando citas pasadas | error=SQLSTATE[01000]: Warning: 1265 Data truncated for column 'ultimaAccionPor' at row 5
[2026-05-05 16:55:01] ROLE_ERROR[system]: Error auto-finalizando citas pasadas | error=SQLSTATE[01000]: Warning: 1265 Data truncated for column 'ultimaAccionPor' at row 5
[2026-05-05 16:55:01] ROLE_ERROR[system]: Error auto-finalizando citas pasadas | error=SQLSTATE[01000]: Warning: 1265 Data truncated for column 'ultimaAccionPor' at row 5
[2026-05-05 16:55:07] ROLE_ERROR[system]: Error auto-finalizando citas pasadas | error=SQLSTATE[01000]: Warning: 1265 Data truncated for column 'ultimaAccionPor' at row 5
[2026-05-05 16:55:14] ROLE_ERROR[system]: Error auto-finalizando citas pasadas | error=SQLSTATE[01000]: Warning: 1265 Data truncated for column 'ultimaAccionPor' at row 5
[2026-05-05 16:55:17] ROLE_ERROR[system]: Error auto-finalizando citas pasadas | error=SQLSTATE[01000]: Warning: 1265 Data truncated for column 'ultimaAccionPor' at row 5
[2026-05-05 16:55:17] ROLE_ERROR[system]: Error auto-finalizando citas pasadas | error=SQLSTATE[01000]: Warning: 1265 Data truncated for column 'ultimaAccionPor' at row 5
[2026-05-05 16:55:18] ROLE_ERROR[system]: Error auto-finalizando citas pasadas | error=SQLSTATE[01000]: Warning: 1265 Data truncated for column 'ultimaAccionPor' at row 5
[2026-05-05 16:55:23] ROLE_ERROR[system]: Error auto-finalizando citas pasadas | error=SQLSTATE[01000]: Warning: 1265 Data truncated for column 'ultimaAccionPor' at row 5
[2026-05-05 16:55:23] ROLE_ERROR[system]: Error auto-finalizando citas pasadas | error=SQLSTATE[01000]: Warning: 1265 Data truncated for column 'ultimaAccionPor' at row 5
[2026-05-05 17:26:37] ROLE_ERROR[system]: Error auto-finalizando citas pasadas | error=SQLSTATE[01000]: Warning: 1265 Data truncated for column 'ultimaAccionPor' at row 5
[2026-05-05 17:26:37] ROLE_ERROR[system]: Error auto-finalizando citas pasadas | error=SQLSTATE[01000]: Warning: 1265 Data truncated for column 'ultimaAccionPor' at row 5
[2026-05-05 17:26:38] ROLE_ERROR[system]: Error auto-finalizando citas pasadas | error=SQLSTATE[01000]: Warning: 1265 Data truncated for column 'ultimaAccionPor' at row 5
[2026-05-05 17:26:42] ROLE_ERROR[system]: Error auto-finalizando citas pasadas | error=SQLSTATE[01000]: Warning: 1265 Data truncated for column 'ultimaAccionPor' at row 5
[2026-05-05 17:26:42] ROLE_ERROR[system]: Error auto-finalizando citas pasadas | error=SQLSTATE[01000]: Warning: 1265 Data truncated for column 'ultimaAccionPor' at row 5
[2026-05-05 17:26:46] ROLE_ERROR[system]: Error auto-finalizando citas pasadas | error=SQLSTATE[01000]: Warning: 1265 Data truncated for column 'ultimaAccionPor' at row 5
[2026-05-05 17:27:04] ROLE_ERROR[system]: Error auto-finalizando citas pasadas | error=SQLSTATE[01000]: Warning: 1265 Data truncated for column 'ultimaAccionPor' at row 5
[2026-05-05 18:53:52] ROLE_ERROR[system]: Error auto-finalizando citas pasadas | error=SQLSTATE[01000]: Warning: 1265 Data truncated for column 'ultimaAccionPor' at row 5
[2026-05-05 18:53:52] ROLE_ERROR[system]: Error auto-finalizando citas pasadas | error=SQLSTATE[01000]: Warning: 1265 Data truncated for column 'ultimaAccionPor' at row 5
[2026-05-05 18:53:57] ROLE_ERROR[system]: Error auto-finalizando citas pasadas | error=SQLSTATE[01000]: Warning: 1265 Data truncated for column 'ultimaAccionPor' at row 5
[2026-05-05 18:54:11] ROLE_ERROR[system]: Error auto-finalizando citas pasadas | error=SQLSTATE[01000]: Warning: 1265 Data truncated for column 'ultimaAccionPor' at row 5
[2026-05-05 18:54:29] ROLE_ERROR[system]: Error auto-finalizando citas pasadas | error=SQLSTATE[01000]: Warning: 1265 Data truncated for column 'ultimaAccionPor' at row 5
[2026-05-05 18:54:30] ROLE_ERROR[system]: Error auto-finalizando citas pasadas | error=SQLSTATE[01000]: Warning: 1265 Data truncated for column 'ultimaAccionPor' at row 5
[2026-05-05 18:55:02] ROLE_ERROR[system]: Error auto-finalizando citas pasadas | error=SQLSTATE[01000]: Warning: 1265 Data truncated for column 'ultimaAccionPor' at row 5
[2026-05-05 18:55:28] ROLE_ERROR[system]: Error auto-finalizando citas pasadas | error=SQLSTATE[01000]: Warning: 1265 Data truncated for column 'ultimaAccionPor' at row 5
[2026-05-05 18:55:33] ROLE_ERROR[system]: Error auto-finalizando citas pasadas | error=SQLSTATE[01000]: Warning: 1265 Data truncated for column 'ultimaAccionPor' at row 5
[2026-05-05 18:55:34] ROLE_ERROR[system]: Error auto-finalizando citas pasadas | error=SQLSTATE[01000]: Warning: 1265 Data truncated for column 'ultimaAccionPor' at row 5
[2026-05-05 21:12:12] ROLE_ERROR[system]: Error auto-finalizando citas pasadas | error=SQLSTATE[01000]: Warning: 1265 Data truncated for column 'ultimaAccionPor' at row 5
[2026-05-05 21:12:12] ROLE_ERROR[system]: Error auto-finalizando citas pasadas | error=SQLSTATE[01000]: Warning: 1265 Data truncated for column 'ultimaAccionPor' at row 5
[2026-05-05 21:14:51] ROLE_ERROR[system]: Error auto-finalizando citas pasadas | error=SQLSTATE[01000]: Warning: 1265 Data truncated for column 'ultimaAccionPor' at row 5
[2026-05-05 21:14:55] ROLE_ERROR[system]: Error auto-finalizando citas pasadas | error=SQLSTATE[01000]: Warning: 1265 Data truncated for column 'ultimaAccionPor' at row 5
[2026-05-05 21:14:57] ROLE_ERROR[system]: Error auto-finalizando citas pasadas | error=SQLSTATE[01000]: Warning: 1265 Data truncated for column 'ultimaAccionPor' at row 5
[2026-05-05 21:15:34] ROLE_ERROR[system]: Error auto-finalizando citas pasadas | error=SQLSTATE[01000]: Warning: 1265 Data truncated for column 'ultimaAccionPor' at row 5
[2026-05-05 21:15:34] ROLE_ERROR[system]: Error auto-finalizando citas pasadas | error=SQLSTATE[01000]: Warning: 1265 Data truncated for column 'ultimaAccionPor' at row 5
[2026-05-05 21:15:36] ROLE_ERROR[system]: Error auto-finalizando citas pasadas | error=SQLSTATE[01000]: Warning: 1265 Data truncated for column 'ultimaAccionPor' at row 5
[2026-05-05 21:15:36] ROLE_ERROR[system]: Error auto-finalizando citas pasadas | error=SQLSTATE[01000]: Warning: 1265 Data truncated for column 'ultimaAccionPor' at row 5
[2026-05-05 21:15:37] ROLE_ERROR[system]: Error auto-finalizando citas pasadas | error=SQLSTATE[01000]: Warning: 1265 Data truncated for column 'ultimaAccionPor' at row 5
[2026-05-05 21:15:37] ROLE_ERROR[system]: Error auto-finalizando citas pasadas | error=SQLSTATE[01000]: Warning: 1265 Data truncated for column 'ultimaAccionPor' at row 5
[2026-05-05 21:15:49] ROLE_ERROR[system]: Error auto-finalizando citas pasadas | error=SQLSTATE[01000]: Warning: 1265 Data truncated for column 'ultimaAccionPor' at row 5
[2026-05-05 21:15:52] ROLE_ERROR[system]: Error auto-finalizando citas pasadas | error=SQLSTATE[01000]: Warning: 1265 Data truncated for column 'ultimaAccionPor' at row 5
[2026-05-05 21:17:38] ROLE_ERROR[system]: Error auto-finalizando citas pasadas | error=SQLSTATE[01000]: Warning: 1265 Data truncated for column 'ultimaAccionPor' at row 5
[2026-05-05 21:17:40] ROLE_ERROR[system]: Error auto-finalizando citas pasadas | error=SQLSTATE[01000]: Warning: 1265 Data truncated for column 'ultimaAccionPor' at row 5
[2026-05-05 21:18:08] ROLE_ERROR[system]: Error auto-finalizando citas pasadas | error=SQLSTATE[01000]: Warning: 1265 Data truncated for column 'ultimaAccionPor' at row 5
[2026-05-05 21:18:10] ROLE_ERROR[system]: Error auto-finalizando citas pasadas | error=SQLSTATE[01000]: Warning: 1265 Data truncated for column 'ultimaAccionPor' at row 5
[2026-05-05 21:18:14] ROLE_ERROR[system]: Error auto-finalizando citas pasadas | error=SQLSTATE[01000]: Warning: 1265 Data truncated for column 'ultimaAccionPor' at row 5
[2026-05-05 21:18:16] ROLE_ERROR[system]: Error auto-finalizando citas pasadas | error=SQLSTATE[01000]: Warning: 1265 Data truncated for column 'ultimaAccionPor' at row 5
[2026-05-05 21:18:18] ROLE_ERROR[system]: Error auto-finalizando citas pasadas | error=SQLSTATE[01000]: Warning: 1265 Data truncated for column 'ultimaAccionPor' at row 5
[2026-05-05 21:18:40] ROLE_ERROR[system]: Error auto-finalizando citas pasadas | error=SQLSTATE[01000]: Warning: 1265 Data truncated for column 'ultimaAccionPor' at row 5
[2026-05-05 21:18:45] ROLE_ERROR[system]: Error auto-finalizando citas pasadas | error=SQLSTATE[01000]: Warning: 1265 Data truncated for column 'ultimaAccionPor' at row 5
[2026-05-05 21:18:47] ROLE_ERROR[system]: Error auto-finalizando citas pasadas | error=SQLSTATE[01000]: Warning: 1265 Data truncated for column 'ultimaAccionPor' at row 5
[2026-05-05 21:33:03] ROLE_ERROR[system]: Error auto-finalizando citas pasadas | error=SQLSTATE[01000]: Warning: 1265 Data truncated for column 'ultimaAccionPor' at row 5
[2026-05-06 16:28:12] ROLE_ERROR[system]: Error auto-finalizando citas pasadas | error=SQLSTATE[01000]: Warning: 1265 Data truncated for column 'ultimaAccionPor' at row 5
[2026-05-06 16:28:14] ROLE_ERROR[system]: Error auto-finalizando citas pasadas | error=SQLSTATE[01000]: Warning: 1265 Data truncated for column 'ultimaAccionPor' at row 5
[2026-05-06 16:28:16] ROLE_ERROR[system]: Error auto-finalizando citas pasadas | error=SQLSTATE[01000]: Warning: 1265 Data truncated for column 'ultimaAccionPor' at row 5
[2026-05-06 16:28:17] ROLE_ERROR[system]: Error auto-finalizando citas pasadas | error=SQLSTATE[01000]: Warning: 1265 Data truncated for column 'ultimaAccionPor' at row 5
[2026-05-06 16:28:22] ROLE_ERROR[system]: Error auto-finalizando citas pasadas | error=SQLSTATE[01000]: Warning: 1265 Data truncated for column 'ultimaAccionPor' at row 5
[2026-05-06 16:28:22] ROLE_ERROR[system]: Error auto-finalizando citas pasadas | error=SQLSTATE[01000]: Warning: 1265 Data truncated for column 'ultimaAccionPor' at row 5
[2026-05-06 16:35:25] ROLE_ERROR[system]: Error auto-finalizando citas pasadas | error=SQLSTATE[01000]: Warning: 1265 Data truncated for column 'ultimaAccionPor' at row 5
[2026-05-06 16:35:27] ROLE_ERROR[system]: Error auto-finalizando citas pasadas | error=SQLSTATE[01000]: Warning: 1265 Data truncated for column 'ultimaAccionPor' at row 5
[2026-05-06 16:35:27] ROLE_ERROR[system]: Error auto-finalizando citas pasadas | error=SQLSTATE[01000]: Warning: 1265 Data truncated for column 'ultimaAccionPor' at row 5
[2026-05-06 16:35:28] ROLE_ERROR[system]: Error auto-finalizando citas pasadas | error=SQLSTATE[01000]: Warning: 1265 Data truncated for column 'ultimaAccionPor' at row 5
[2026-05-06 16:35:32] ROLE_ERROR[system]: Error auto-finalizando citas pasadas | error=SQLSTATE[01000]: Warning: 1265 Data truncated for column 'ultimaAccionPor' at row 5
[2026-05-06 16:35:32] ROLE_ERROR[system]: Error auto-finalizando citas pasadas | error=SQLSTATE[01000]: Warning: 1265 Data truncated for column 'ultimaAccionPor' at row 5
[2026-05-06 16:35:50] ROLE_ERROR[system]: Error auto-finalizando citas pasadas | error=SQLSTATE[01000]: Warning: 1265 Data truncated for column 'ultimaAccionPor' at row 5
[2026-05-06 16:38:32] ROLE_ERROR[system]: Error auto-finalizando citas pasadas | error=SQLSTATE[01000]: Warning: 1265 Data truncated for column 'ultimaAccionPor' at row 5
[2026-05-06 16:42:50] ROLE_ERROR[system]: Error auto-finalizando citas pasadas | error=SQLSTATE[01000]: Warning: 1265 Data truncated for column 'ultimaAccionPor' at row 5
[2026-05-06 16:42:50] ROLE_ERROR[system]: Error auto-finalizando citas pasadas | error=SQLSTATE[01000]: Warning: 1265 Data truncated for column 'ultimaAccionPor' at row 5
[2026-05-06 16:42:50] ROLE_ERROR[system]: Error auto-finalizando citas pasadas | error=SQLSTATE[01000]: Warning: 1265 Data truncated for column 'ultimaAccionPor' at row 5
[2026-05-06 16:42:54] ROLE_ERROR[system]: Error auto-finalizando citas pasadas | error=SQLSTATE[01000]: Warning: 1265 Data truncated for column 'ultimaAccionPor' at row 5
[2026-05-06 16:46:25] ROLE_ERROR[system]: Error auto-finalizando citas pasadas | error=SQLSTATE[01000]: Warning: 1265 Data truncated for column 'ultimaAccionPor' at row 5
[2026-05-06 16:46:25] ROLE_ERROR[system]: Error auto-finalizando citas pasadas | error=SQLSTATE[01000]: Warning: 1265 Data truncated for column 'ultimaAccionPor' at row 5
[2026-05-06 16:46:26] ROLE_ERROR[system]: Error auto-finalizando citas pasadas | error=SQLSTATE[01000]: Warning: 1265 Data truncated for column 'ultimaAccionPor' at row 5
[2026-05-06 16:46:26] ROLE_ERROR[system]: Error auto-finalizando citas pasadas | error=SQLSTATE[01000]: Warning: 1265 Data truncated for column 'ultimaAccionPor' at row 5
[2026-05-06 16:46:26] ROLE_ERROR[system]: Error auto-finalizando citas pasadas | error=SQLSTATE[01000]: Warning: 1265 Data truncated for column 'ultimaAccionPor' at row 5
[2026-05-06 16:46:27] ROLE_ERROR[system]: Error auto-finalizando citas pasadas | error=SQLSTATE[01000]: Warning: 1265 Data truncated for column 'ultimaAccionPor' at row 5
[2026-05-06 16:46:27] ROLE_ERROR[system]: Error auto-finalizando citas pasadas | error=SQLSTATE[01000]: Warning: 1265 Data truncated for column 'ultimaAccionPor' at row 5
[2026-05-06 16:46:27] ROLE_ERROR[system]: Error auto-finalizando citas pasadas | error=SQLSTATE[01000]: Warning: 1265 Data truncated for column 'ultimaAccionPor' at row 5
[2026-05-06 16:46:28] ROLE_ERROR[system]: Error auto-finalizando citas pasadas | error=SQLSTATE[01000]: Warning: 1265 Data truncated for column 'ultimaAccionPor' at row 5
[2026-05-06 16:46:28] ROLE_ERROR[system]: Error auto-finalizando citas pasadas | error=SQLSTATE[01000]: Warning: 1265 Data truncated for column 'ultimaAccionPor' at row 5
[2026-05-06 16:46:28] ROLE_ERROR[system]: Error auto-finalizando citas pasadas | error=SQLSTATE[01000]: Warning: 1265 Data truncated for column 'ultimaAccionPor' at row 5
[2026-05-06 16:46:29] ROLE_ERROR[system]: Error auto-finalizando citas pasadas | error=SQLSTATE[01000]: Warning: 1265 Data truncated for column 'ultimaAccionPor' at row 5
[2026-05-06 16:46:29] ROLE_ERROR[system]: Error auto-finalizando citas pasadas | error=SQLSTATE[01000]: Warning: 1265 Data truncated for column 'ultimaAccionPor' at row 5
[2026-05-06 16:46:29] ROLE_ERROR[system]: Error auto-finalizando citas pasadas | error=SQLSTATE[01000]: Warning: 1265 Data truncated for column 'ultimaAccionPor' at row 5
[2026-05-06 16:46:36] ROLE_ERROR[system]: Error auto-finalizando citas pasadas | error=SQLSTATE[01000]: Warning: 1265 Data truncated for column 'ultimaAccionPor' at row 5
[2026-05-06 16:46:36] ROLE_ERROR[system]: Error auto-finalizando citas pasadas | error=SQLSTATE[01000]: Warning: 1265 Data truncated for column 'ultimaAccionPor' at row 5
[2026-05-06 16:46:37] ROLE_ERROR[system]: Error auto-finalizando citas pasadas | error=SQLSTATE[01000]: Warning: 1265 Data truncated for column 'ultimaAccionPor' at row 5
[2026-05-06 16:46:37] ROLE_ERROR[system]: Error auto-finalizando citas pasadas | error=SQLSTATE[01000]: Warning: 1265 Data truncated for column 'ultimaAccionPor' at row 5
[2026-05-06 16:46:38] ROLE_ERROR[system]: Error auto-finalizando citas pasadas | error=SQLSTATE[01000]: Warning: 1265 Data truncated for column 'ultimaAccionPor' at row 5
[2026-05-06 16:46:38] ROLE_ERROR[system]: Error auto-finalizando citas pasadas | error=SQLSTATE[01000]: Warning: 1265 Data truncated for column 'ultimaAccionPor' at row 5
[2026-05-06 16:46:40] ROLE_ERROR[system]: Error auto-finalizando citas pasadas | error=SQLSTATE[01000]: Warning: 1265 Data truncated for column 'ultimaAccionPor' at row 5
[2026-05-06 16:46:47] ROLE_ERROR[system]: Error auto-finalizando citas pasadas | error=SQLSTATE[01000]: Warning: 1265 Data truncated for column 'ultimaAccionPor' at row 5
[2026-05-06 16:48:39] ROLE_ERROR[system]: Error auto-finalizando citas pasadas | error=SQLSTATE[01000]: Warning: 1265 Data truncated for column 'ultimaAccionPor' at row 5
[2026-05-06 16:48:40] ROLE_ERROR[system]: Error auto-finalizando citas pasadas | error=SQLSTATE[01000]: Warning: 1265 Data truncated for column 'ultimaAccionPor' at row 5
[2026-05-06 16:48:40] ROLE_ERROR[system]: Error auto-finalizando citas pasadas | error=SQLSTATE[01000]: Warning: 1265 Data truncated for column 'ultimaAccionPor' at row 5
[2026-05-06 16:48:41] ROLE_ERROR[system]: Error auto-finalizando citas pasadas | error=SQLSTATE[01000]: Warning: 1265 Data truncated for column 'ultimaAccionPor' at row 5
[2026-05-06 16:48:55] ROLE_ERROR[system]: Error auto-finalizando citas pasadas | error=SQLSTATE[01000]: Warning: 1265 Data truncated for column 'ultimaAccionPor' at row 5
[2026-05-06 16:48:55] ROLE_ERROR[system]: Error auto-finalizando citas pasadas | error=SQLSTATE[01000]: Warning: 1265 Data truncated for column 'ultimaAccionPor' at row 5
[2026-05-06 16:49:00] ROLE_ERROR[system]: Error auto-finalizando citas pasadas | error=SQLSTATE[01000]: Warning: 1265 Data truncated for column 'ultimaAccionPor' at row 5
[2026-05-06 16:49:10] ROLE_ERROR[system]: Error auto-finalizando citas pasadas | error=SQLSTATE[01000]: Warning: 1265 Data truncated for column 'ultimaAccionPor' at row 5
[2026-05-06 16:49:10] ROLE_ERROR[system]: Error auto-finalizando citas pasadas | error=SQLSTATE[01000]: Warning: 1265 Data truncated for column 'ultimaAccionPor' at row 5
[2026-05-06 16:49:12] ROLE_ERROR[system]: Error auto-finalizando citas pasadas | error=SQLSTATE[01000]: Warning: 1265 Data truncated for column 'ultimaAccionPor' at row 5
[2026-05-06 16:49:37] ROLE_ERROR[system]: Error auto-finalizando citas pasadas | error=SQLSTATE[01000]: Warning: 1265 Data truncated for column 'ultimaAccionPor' at row 5
[2026-05-06 16:49:38] ROLE_ERROR[system]: Error auto-finalizando citas pasadas | error=SQLSTATE[01000]: Warning: 1265 Data truncated for column 'ultimaAccionPor' at row 5
[2026-05-06 16:49:39] ROLE_ERROR[system]: Error auto-finalizando citas pasadas | error=SQLSTATE[01000]: Warning: 1265 Data truncated for column 'ultimaAccionPor' at row 5
[2026-05-06 16:49:42] ROLE_ERROR[system]: Error auto-finalizando citas pasadas | error=SQLSTATE[01000]: Warning: 1265 Data truncated for column 'ultimaAccionPor' at row 5
[2026-05-06 16:49:43] ROLE_ERROR[system]: Error auto-finalizando citas pasadas | error=SQLSTATE[01000]: Warning: 1265 Data truncated for column 'ultimaAccionPor' at row 5
[2026-05-06 16:49:48] ROLE_ERROR[system]: Error auto-finalizando citas pasadas | error=SQLSTATE[01000]: Warning: 1265 Data truncated for column 'ultimaAccionPor' at row 5
[2026-05-06 16:59:49] ROLE_ERROR[system]: Error auto-finalizando citas pasadas | error=SQLSTATE[01000]: Warning: 1265 Data truncated for column 'ultimaAccionPor' at row 5
[2026-05-06 17:25:49] ROLE_ERROR[system]: Error auto-finalizando citas pasadas | error=SQLSTATE[01000]: Warning: 1265 Data truncated for column 'ultimaAccionPor' at row 5
[2026-05-06 17:26:09] ROLE_ERROR[system]: Error auto-finalizando citas pasadas | error=SQLSTATE[01000]: Warning: 1265 Data truncated for column 'ultimaAccionPor' at row 5
[2026-05-06 17:26:09] ROLE_ERROR[system]: Error auto-finalizando citas pasadas | error=SQLSTATE[01000]: Warning: 1265 Data truncated for column 'ultimaAccionPor' at row 5
[2026-05-06 17:26:11] ROLE_ERROR[system]: Error auto-finalizando citas pasadas | error=SQLSTATE[01000]: Warning: 1265 Data truncated for column 'ultimaAccionPor' at row 5
[2026-05-06 17:26:58] ROLE_ERROR[system]: Error auto-finalizando citas pasadas | error=SQLSTATE[01000]: Warning: 1265 Data truncated for column 'ultimaAccionPor' at row 5
[2026-05-06 17:27:01] ROLE_ERROR[system]: Error auto-finalizando citas pasadas | error=SQLSTATE[01000]: Warning: 1265 Data truncated for column 'ultimaAccionPor' at row 5
[2026-05-06 17:27:52] ROLE_ERROR[system]: Error auto-finalizando citas pasadas | error=SQLSTATE[01000]: Warning: 1265 Data truncated for column 'ultimaAccionPor' at row 5
[2026-05-06 17:27:53] ROLE_ERROR[system]: Error auto-finalizando citas pasadas | error=SQLSTATE[01000]: Warning: 1265 Data truncated for column 'ultimaAccionPor' at row 5
[2026-05-06 17:27:58] ROLE_ERROR[system]: Error auto-finalizando citas pasadas | error=SQLSTATE[01000]: Warning: 1265 Data truncated for column 'ultimaAccionPor' at row 5
[2026-05-06 17:28:04] ROLE_ERROR[system]: Error auto-finalizando citas pasadas | error=SQLSTATE[01000]: Warning: 1265 Data truncated for column 'ultimaAccionPor' at row 5
[2026-05-06 17:28:04] ROLE_ERROR[guest]: Credenciales inválidas en login | accion=login | email=dayana@agecso.com
[2026-05-06 17:28:09] ROLE_ERROR[system]: Error auto-finalizando citas pasadas | error=SQLSTATE[01000]: Warning: 1265 Data truncated for column 'ultimaAccionPor' at row 5
[2026-05-06 17:28:09] ROLE_ERROR[system]: Error auto-finalizando citas pasadas | error=SQLSTATE[01000]: Warning: 1265 Data truncated for column 'ultimaAccionPor' at row 5
[2026-05-06 17:32:25] ROLE_ERROR[system]: Error auto-finalizando citas pasadas | error=SQLSTATE[01000]: Warning: 1265 Data truncated for column 'ultimaAccionPor' at row 5
[2026-05-06 17:32:25] ROLE_ERROR[system]: Error auto-finalizando citas pasadas | error=SQLSTATE[01000]: Warning: 1265 Data truncated for column 'ultimaAccionPor' at row 5
[2026-05-06 17:32:26] ROLE_ERROR[system]: Error auto-finalizando citas pasadas | error=SQLSTATE[01000]: Warning: 1265 Data truncated for column 'ultimaAccionPor' at row 5
[2026-05-06 17:32:48] ROLE_ERROR[system]: Error auto-finalizando citas pasadas | error=SQLSTATE[01000]: Warning: 1265 Data truncated for column 'ultimaAccionPor' at row 5
[2026-05-06 17:36:19] ROLE_ERROR[system]: Error auto-finalizando citas pasadas | error=SQLSTATE[01000]: Warning: 1265 Data truncated for column 'ultimaAccionPor' at row 5
[2026-05-06 17:36:20] ROLE_ERROR[system]: Error auto-finalizando citas pasadas | error=SQLSTATE[01000]: Warning: 1265 Data truncated for column 'ultimaAccionPor' at row 5
[2026-05-06 17:38:16] ROLE_ERROR[system]: Error auto-finalizando citas pasadas | error=SQLSTATE[01000]: Warning: 1265 Data truncated for column 'ultimaAccionPor' at row 5
[2026-05-06 17:38:20] ROLE_ERROR[system]: Error auto-finalizando citas pasadas | error=SQLSTATE[01000]: Warning: 1265 Data truncated for column 'ultimaAccionPor' at row 5
[2026-05-06 17:38:36] ROLE_ERROR[system]: Error auto-finalizando citas pasadas | error=SQLSTATE[01000]: Warning: 1265 Data truncated for column 'ultimaAccionPor' at row 5
[2026-05-06 17:39:38] ROLE_ERROR[system]: Error auto-finalizando citas pasadas | error=SQLSTATE[01000]: Warning: 1265 Data truncated for column 'ultimaAccionPor' at row 5
[2026-05-06 17:39:39] ROLE_ERROR[system]: Error auto-finalizando citas pasadas | error=SQLSTATE[01000]: Warning: 1265 Data truncated for column 'ultimaAccionPor' at row 5
[2026-05-06 17:39:44] ROLE_ERROR[system]: Error auto-finalizando citas pasadas | error=SQLSTATE[01000]: Warning: 1265 Data truncated for column 'ultimaAccionPor' at row 5
[2026-05-06 17:43:35] ROLE_ERROR[system]: Error auto-finalizando citas pasadas | error=SQLSTATE[01000]: Warning: 1265 Data truncated for column 'ultimaAccionPor' at row 5
[2026-05-06 17:43:38] ROLE_ERROR[system]: Error auto-finalizando citas pasadas | error=SQLSTATE[01000]: Warning: 1265 Data truncated for column 'ultimaAccionPor' at row 5
[2026-05-06 17:47:30] ROLE_ERROR[system]: Error auto-finalizando citas pasadas | error=SQLSTATE[01000]: Warning: 1265 Data truncated for column 'ultimaAccionPor' at row 5
[2026-05-06 17:47:32] ROLE_ERROR[system]: Error auto-finalizando citas pasadas | error=SQLSTATE[01000]: Warning: 1265 Data truncated for column 'ultimaAccionPor' at row 5
[2026-05-06 18:02:51] ROLE_ERROR[system]: Error auto-finalizando citas pasadas | error=SQLSTATE[01000]: Warning: 1265 Data truncated for column 'ultimaAccionPor' at row 5
[2026-05-06 18:02:51] ROLE_ERROR[system]: Error auto-finalizando citas pasadas | error=SQLSTATE[01000]: Warning: 1265 Data truncated for column 'ultimaAccionPor' at row 5
[2026-05-06 18:02:56] ROLE_ERROR[system]: Error auto-finalizando citas pasadas | error=SQLSTATE[01000]: Warning: 1265 Data truncated for column 'ultimaAccionPor' at row 5
[2026-05-06 18:02:56] ROLE_ERROR[system]: Error auto-finalizando citas pasadas | error=SQLSTATE[01000]: Warning: 1265 Data truncated for column 'ultimaAccionPor' at row 5
[2026-05-06 18:03:45] ROLE_ERROR[system]: Error auto-finalizando citas pasadas | error=SQLSTATE[01000]: Warning: 1265 Data truncated for column 'ultimaAccionPor' at row 5
[2026-05-06 18:03:49] ROLE_ERROR[system]: Error auto-finalizando citas pasadas | error=SQLSTATE[01000]: Warning: 1265 Data truncated for column 'ultimaAccionPor' at row 5
[2026-05-06 18:03:53] ROLE_ERROR[system]: Error auto-finalizando citas pasadas | error=SQLSTATE[01000]: Warning: 1265 Data truncated for column 'ultimaAccionPor' at row 5
[2026-05-06 18:03:59] ROLE_ERROR[system]: Error auto-finalizando citas pasadas | error=SQLSTATE[01000]: Warning: 1265 Data truncated for column 'ultimaAccionPor' at row 5
[2026-05-06 18:04:05] ROLE_ERROR[system]: Error auto-finalizando citas pasadas | error=SQLSTATE[01000]: Warning: 1265 Data truncated for column 'ultimaAccionPor' at row 5
[2026-05-06 18:04:27] ROLE_ERROR[system]: Error auto-finalizando citas pasadas | error=SQLSTATE[01000]: Warning: 1265 Data truncated for column 'ultimaAccionPor' at row 5
[2026-05-06 18:04:27] ROLE_ERROR[system]: Error auto-finalizando citas pasadas | error=SQLSTATE[01000]: Warning: 1265 Data truncated for column 'ultimaAccionPor' at row 5
[2026-05-06 18:04:29] ROLE_ERROR[system]: Error auto-finalizando citas pasadas | error=SQLSTATE[01000]: Warning: 1265 Data truncated for column 'ultimaAccionPor' at row 5
[2026-05-06 18:04:37] ROLE_ERROR[system]: Error auto-finalizando citas pasadas | error=SQLSTATE[01000]: Warning: 1265 Data truncated for column 'ultimaAccionPor' at row 5
[2026-05-06 18:04:37] ROLE_ERROR[system]: Error auto-finalizando citas pasadas | error=SQLSTATE[01000]: Warning: 1265 Data truncated for column 'ultimaAccionPor' at row 5
[2026-05-06 18:04:44] ROLE_ERROR[system]: Error auto-finalizando citas pasadas | error=SQLSTATE[01000]: Warning: 1265 Data truncated for column 'ultimaAccionPor' at row 5
[2026-05-06 18:04:52] ROLE_ERROR[system]: Error auto-finalizando citas pasadas | error=SQLSTATE[01000]: Warning: 1265 Data truncated for column 'ultimaAccionPor' at row 5
[2026-05-06 18:04:52] ROLE_ERROR[system]: Error auto-finalizando citas pasadas | error=SQLSTATE[01000]: Warning: 1265 Data truncated for column 'ultimaAccionPor' at row 5
[2026-05-06 18:04:54] ROLE_ERROR[system]: Error auto-finalizando citas pasadas | error=SQLSTATE[01000]: Warning: 1265 Data truncated for column 'ultimaAccionPor' at row 5
[2026-05-06 18:05:35] ROLE_ERROR[system]: Error auto-finalizando citas pasadas | error=SQLSTATE[01000]: Warning: 1265 Data truncated for column 'ultimaAccionPor' at row 5
[2026-05-06 18:05:58] ROLE_ERROR[system]: Error auto-finalizando citas pasadas | error=SQLSTATE[01000]: Warning: 1265 Data truncated for column 'ultimaAccionPor' at row 5
[2026-05-06 18:05:58] ROLE_ERROR[system]: Error auto-finalizando citas pasadas | error=SQLSTATE[01000]: Warning: 1265 Data truncated for column 'ultimaAccionPor' at row 5
[2026-05-06 18:06:04] ROLE_ERROR[system]: Error auto-finalizando citas pasadas | error=SQLSTATE[01000]: Warning: 1265 Data truncated for column 'ultimaAccionPor' at row 5
[2026-05-06 18:06:18] ROLE_ERROR[system]: Error auto-finalizando citas pasadas | error=SQLSTATE[01000]: Warning: 1265 Data truncated for column 'ultimaAccionPor' at row 5
[2026-05-06 18:06:30] ROLE_ERROR[system]: Error auto-finalizando citas pasadas | error=SQLSTATE[01000]: Warning: 1265 Data truncated for column 'ultimaAccionPor' at row 5
[2026-05-06 18:06:30] ROLE_ERROR[system]: Error auto-finalizando citas pasadas | error=SQLSTATE[01000]: Warning: 1265 Data truncated for column 'ultimaAccionPor' at row 5
[2026-05-06 18:06:35] ROLE_ERROR[system]: Error auto-finalizando citas pasadas | error=SQLSTATE[01000]: Warning: 1265 Data truncated for column 'ultimaAccionPor' at row 5
[2026-05-06 18:06:50] ROLE_ERROR[system]: Error auto-finalizando citas pasadas | error=SQLSTATE[01000]: Warning: 1265 Data truncated for column 'ultimaAccionPor' at row 5
[2026-05-07 18:42:56] ROLE_ERROR[system]: Error auto-finalizando citas pasadas | error=SQLSTATE[01000]: Warning: 1265 Data truncated for column 'ultimaAccionPor' at row 5
[2026-05-07 18:43:08] ROLE_ERROR[system]: Error auto-finalizando citas pasadas | error=SQLSTATE[01000]: Warning: 1265 Data truncated for column 'ultimaAccionPor' at row 5
[2026-05-07 18:43:09] ROLE_ERROR[system]: Error auto-finalizando citas pasadas | error=SQLSTATE[01000]: Warning: 1265 Data truncated for column 'ultimaAccionPor' at row 5
[2026-05-07 18:43:09] ROLE_ERROR[system]: Error auto-finalizando citas pasadas | error=SQLSTATE[01000]: Warning: 1265 Data truncated for column 'ultimaAccionPor' at row 5
[2026-05-07 18:43:09] ROLE_ERROR[system]: Error auto-finalizando citas pasadas | error=SQLSTATE[01000]: Warning: 1265 Data truncated for column 'ultimaAccionPor' at row 5
[2026-05-07 18:43:10] ROLE_ERROR[system]: Error auto-finalizando citas pasadas | error=SQLSTATE[01000]: Warning: 1265 Data truncated for column 'ultimaAccionPor' at row 5
[2026-05-07 18:43:10] ROLE_ERROR[system]: Error auto-finalizando citas pasadas | error=SQLSTATE[01000]: Warning: 1265 Data truncated for column 'ultimaAccionPor' at row 5
[2026-05-07 18:43:11] ROLE_ERROR[system]: Error auto-finalizando citas pasadas | error=SQLSTATE[01000]: Warning: 1265 Data truncated for column 'ultimaAccionPor' at row 5
[2026-05-07 18:43:11] ROLE_ERROR[system]: Error auto-finalizando citas pasadas | error=SQLSTATE[01000]: Warning: 1265 Data truncated for column 'ultimaAccionPor' at row 5
[2026-05-07 18:43:11] ROLE_ERROR[system]: Error auto-finalizando citas pasadas | error=SQLSTATE[01000]: Warning: 1265 Data truncated for column 'ultimaAccionPor' at row 5
[2026-05-07 18:43:11] ROLE_ERROR[system]: Error auto-finalizando citas pasadas | error=SQLSTATE[01000]: Warning: 1265 Data truncated for column 'ultimaAccionPor' at row 5
[2026-05-07 18:43:11] ROLE_ERROR[system]: Error auto-finalizando citas pasadas | error=SQLSTATE[01000]: Warning: 1265 Data truncated for column 'ultimaAccionPor' at row 5
[2026-05-07 18:43:11] ROLE_ERROR[system]: Error auto-finalizando citas pasadas | error=SQLSTATE[01000]: Warning: 1265 Data truncated for column 'ultimaAccionPor' at row 5
[2026-05-07 18:43:21] ROLE_ERROR[system]: Error auto-finalizando citas pasadas | error=SQLSTATE[01000]: Warning: 1265 Data truncated for column 'ultimaAccionPor' at row 5
[2026-05-07 18:43:23] ROLE_ERROR[system]: Error auto-finalizando citas pasadas | error=SQLSTATE[01000]: Warning: 1265 Data truncated for column 'ultimaAccionPor' at row 5
[2026-05-07 18:44:35] ROLE_ERROR[system]: Error auto-finalizando citas pasadas | error=SQLSTATE[01000]: Warning: 1265 Data truncated for column 'ultimaAccionPor' at row 5
[2026-05-07 18:44:41] ROLE_ERROR[system]: Error auto-finalizando citas pasadas | error=SQLSTATE[01000]: Warning: 1265 Data truncated for column 'ultimaAccionPor' at row 5
[2026-05-07 18:44:42] ROLE_ERROR[system]: Error auto-finalizando citas pasadas | error=SQLSTATE[01000]: Warning: 1265 Data truncated for column 'ultimaAccionPor' at row 5
[2026-05-07 18:46:17] ROLE_ERROR[system]: Error auto-finalizando citas pasadas | error=SQLSTATE[01000]: Warning: 1265 Data truncated for column 'ultimaAccionPor' at row 5
[2026-05-07 18:46:19] ROLE_ERROR[system]: Error auto-finalizando citas pasadas | error=SQLSTATE[01000]: Warning: 1265 Data truncated for column 'ultimaAccionPor' at row 5
[2026-05-07 18:46:30] ROLE_ERROR[system]: Error auto-finalizando citas pasadas | error=SQLSTATE[01000]: Warning: 1265 Data truncated for column 'ultimaAccionPor' at row 5
[2026-05-07 18:47:17] ROLE_ERROR[system]: Error auto-finalizando citas pasadas | error=SQLSTATE[01000]: Warning: 1265 Data truncated for column 'ultimaAccionPor' at row 5
[2026-05-07 18:49:18] ROLE_ERROR[system]: Error auto-finalizando citas pasadas | error=SQLSTATE[01000]: Warning: 1265 Data truncated for column 'ultimaAccionPor' at row 5
[2026-05-07 18:49:20] ROLE_ERROR[system]: Error auto-finalizando citas pasadas | error=SQLSTATE[01000]: Warning: 1265 Data truncated for column 'ultimaAccionPor' at row 5
[2026-05-07 18:49:30] ROLE_ERROR[system]: Error auto-finalizando citas pasadas | error=SQLSTATE[01000]: Warning: 1265 Data truncated for column 'ultimaAccionPor' at row 5
[2026-05-07 18:49:33] ROLE_ERROR[system]: Error auto-finalizando citas pasadas | error=SQLSTATE[01000]: Warning: 1265 Data truncated for column 'ultimaAccionPor' at row 5
[2026-05-07 18:52:22] ROLE_ERROR[system]: Error auto-finalizando citas pasadas | error=SQLSTATE[01000]: Warning: 1265 Data truncated for column 'ultimaAccionPor' at row 5
[2026-05-07 18:52:24] ROLE_ERROR[system]: Error auto-finalizando citas pasadas | error=SQLSTATE[01000]: Warning: 1265 Data truncated for column 'ultimaAccionPor' at row 5
[2026-05-07 18:52:28] ROLE_ERROR[system]: Error auto-finalizando citas pasadas | error=SQLSTATE[01000]: Warning: 1265 Data truncated for column 'ultimaAccionPor' at row 5
[2026-05-07 18:53:16] ROLE_ERROR[system]: Error auto-finalizando citas pasadas | error=SQLSTATE[01000]: Warning: 1265 Data truncated for column 'ultimaAccionPor' at row 5
[2026-05-07 18:53:16] ROLE_ERROR[system]: Error auto-finalizando citas pasadas | error=SQLSTATE[01000]: Warning: 1265 Data truncated for column 'ultimaAccionPor' at row 5
[2026-05-07 18:53:18] ROLE_ERROR[system]: Error auto-finalizando citas pasadas | error=SQLSTATE[01000]: Warning: 1265 Data truncated for column 'ultimaAccionPor' at row 5
[2026-05-07 18:53:18] ROLE_ERROR[system]: Error auto-finalizando citas pasadas | error=SQLSTATE[01000]: Warning: 1265 Data truncated for column 'ultimaAccionPor' at row 5
[2026-05-07 18:53:18] ROLE_ERROR[system]: Error auto-finalizando citas pasadas | error=SQLSTATE[01000]: Warning: 1265 Data truncated for column 'ultimaAccionPor' at row 5
[2026-05-07 18:54:18] ROLE_ERROR[system]: Error auto-finalizando citas pasadas | error=SQLSTATE[01000]: Warning: 1265 Data truncated for column 'ultimaAccionPor' at row 5
[2026-05-07 18:54:21] ROLE_ERROR[system]: Error auto-finalizando citas pasadas | error=SQLSTATE[01000]: Warning: 1265 Data truncated for column 'ultimaAccionPor' at row 5
[2026-05-07 18:54:25] ROLE_ERROR[system]: Error auto-finalizando citas pasadas | error=SQLSTATE[01000]: Warning: 1265 Data truncated for column 'ultimaAccionPor' at row 5
[2026-05-07 18:54:30] ROLE_ERROR[system]: Error auto-finalizando citas pasadas | error=SQLSTATE[01000]: Warning: 1265 Data truncated for column 'ultimaAccionPor' at row 5
[2026-05-07 18:54:31] ROLE_ERROR[system]: Error auto-finalizando citas pasadas | error=SQLSTATE[01000]: Warning: 1265 Data truncated for column 'ultimaAccionPor' at row 5
[2026-05-07 18:55:22] ROLE_ERROR[system]: Error auto-finalizando citas pasadas | error=SQLSTATE[01000]: Warning: 1265 Data truncated for column 'ultimaAccionPor' at row 5
[2026-05-07 18:55:22] ROLE_ERROR[system]: Error auto-finalizando citas pasadas | error=SQLSTATE[01000]: Warning: 1265 Data truncated for column 'ultimaAccionPor' at row 5
[2026-05-07 18:55:23] ROLE_ERROR[system]: Error auto-finalizando citas pasadas | error=SQLSTATE[01000]: Warning: 1265 Data truncated for column 'ultimaAccionPor' at row 5
[2026-05-07 18:55:28] ROLE_ERROR[system]: Error auto-finalizando citas pasadas | error=SQLSTATE[01000]: Warning: 1265 Data truncated for column 'ultimaAccionPor' at row 5
[2026-05-07 18:55:28] ROLE_ERROR[system]: Error auto-finalizando citas pasadas | error=SQLSTATE[01000]: Warning: 1265 Data truncated for column 'ultimaAccionPor' at row 5
[2026-05-07 18:55:34] ROLE_ERROR[system]: Error auto-finalizando citas pasadas | error=SQLSTATE[01000]: Warning: 1265 Data truncated for column 'ultimaAccionPor' at row 5
[2026-05-07 18:55:58] ROLE_ERROR[system]: Error auto-finalizando citas pasadas | error=SQLSTATE[01000]: Warning: 1265 Data truncated for column 'ultimaAccionPor' at row 5
[2026-05-07 18:56:03] ROLE_ERROR[system]: Error auto-finalizando citas pasadas | error=SQLSTATE[01000]: Warning: 1265 Data truncated for column 'ultimaAccionPor' at row 5
[2026-05-07 18:56:07] ROLE_ERROR[system]: Error auto-finalizando citas pasadas | error=SQLSTATE[01000]: Warning: 1265 Data truncated for column 'ultimaAccionPor' at row 5
[2026-05-07 18:59:28] ROLE_ERROR[system]: Error auto-finalizando citas pasadas | error=SQLSTATE[01000]: Warning: 1265 Data truncated for column 'ultimaAccionPor' at row 5
[2026-05-07 19:51:32] ROLE_ERROR[system]: Error auto-finalizando citas pasadas | error=SQLSTATE[01000]: Warning: 1265 Data truncated for column 'ultimaAccionPor' at row 5
[2026-05-07 19:52:03] ROLE_ERROR[system]: Error auto-finalizando citas pasadas | error=SQLSTATE[01000]: Warning: 1265 Data truncated for column 'ultimaAccionPor' at row 5
[2026-05-07 19:52:06] ROLE_ERROR[system]: Error auto-finalizando citas pasadas | error=SQLSTATE[01000]: Warning: 1265 Data truncated for column 'ultimaAccionPor' at row 5
[2026-05-07 19:52:11] ROLE_ERROR[system]: Error auto-finalizando citas pasadas | error=SQLSTATE[01000]: Warning: 1265 Data truncated for column 'ultimaAccionPor' at row 5
[2026-05-07 19:52:13] ROLE_ERROR[system]: Error auto-finalizando citas pasadas | error=SQLSTATE[01000]: Warning: 1265 Data truncated for column 'ultimaAccionPor' at row 5
[2026-05-07 19:52:14] ROLE_ERROR[system]: Error auto-finalizando citas pasadas | error=SQLSTATE[01000]: Warning: 1265 Data truncated for column 'ultimaAccionPor' at row 5
[2026-05-07 19:52:15] ROLE_ERROR[system]: Error auto-finalizando citas pasadas | error=SQLSTATE[01000]: Warning: 1265 Data truncated for column 'ultimaAccionPor' at row 5
[2026-05-07 19:52:16] ROLE_ERROR[system]: Error auto-finalizando citas pasadas | error=SQLSTATE[01000]: Warning: 1265 Data truncated for column 'ultimaAccionPor' at row 5
[2026-05-07 19:52:17] ROLE_ERROR[system]: Error auto-finalizando citas pasadas | error=SQLSTATE[01000]: Warning: 1265 Data truncated for column 'ultimaAccionPor' at row 5
[2026-05-07 19:52:22] ROLE_ERROR[system]: Error auto-finalizando citas pasadas | error=SQLSTATE[01000]: Warning: 1265 Data truncated for column 'ultimaAccionPor' at row 5
[2026-05-07 19:52:24] ROLE_ERROR[system]: Error auto-finalizando citas pasadas | error=SQLSTATE[01000]: Warning: 1265 Data truncated for column 'ultimaAccionPor' at row 5
[2026-05-07 19:52:24] ROLE_ERROR[system]: Error auto-finalizando citas pasadas | error=SQLSTATE[01000]: Warning: 1265 Data truncated for column 'ultimaAccionPor' at row 5
[2026-05-07 19:52:25] ROLE_ERROR[system]: Error auto-finalizando citas pasadas | error=SQLSTATE[01000]: Warning: 1265 Data truncated for column 'ultimaAccionPor' at row 5
[2026-05-07 19:52:26] ROLE_ERROR[system]: Error auto-finalizando citas pasadas | error=SQLSTATE[01000]: Warning: 1265 Data truncated for column 'ultimaAccionPor' at row 5
[2026-05-07 19:52:26] ROLE_ERROR[system]: Error auto-finalizando citas pasadas | error=SQLSTATE[01000]: Warning: 1265 Data truncated for column 'ultimaAccionPor' at row 5
[2026-05-07 19:52:27] ROLE_ERROR[system]: Error auto-finalizando citas pasadas | error=SQLSTATE[01000]: Warning: 1265 Data truncated for column 'ultimaAccionPor' at row 5
[2026-05-07 19:52:29] ROLE_ERROR[system]: Error auto-finalizando citas pasadas | error=SQLSTATE[01000]: Warning: 1265 Data truncated for column 'ultimaAccionPor' at row 5
[2026-05-07 19:52:29] ROLE_ERROR[system]: Error auto-finalizando citas pasadas | error=SQLSTATE[01000]: Warning: 1265 Data truncated for column 'ultimaAccionPor' at row 5
[2026-05-07 19:52:30] ROLE_ERROR[system]: Error auto-finalizando citas pasadas | error=SQLSTATE[01000]: Warning: 1265 Data truncated for column 'ultimaAccionPor' at row 5
[2026-05-07 19:52:44] ROLE_ERROR[system]: Error auto-finalizando citas pasadas | error=SQLSTATE[01000]: Warning: 1265 Data truncated for column 'ultimaAccionPor' at row 5
[2026-05-07 19:53:15] ROLE_ERROR[system]: Error auto-finalizando citas pasadas | error=SQLSTATE[01000]: Warning: 1265 Data truncated for column 'ultimaAccionPor' at row 5
[2026-05-07 19:55:23] ROLE_ERROR[system]: Error auto-finalizando citas pasadas | error=SQLSTATE[01000]: Warning: 1265 Data truncated for column 'ultimaAccionPor' at row 5
[2026-05-07 19:55:27] ROLE_ERROR[system]: Error auto-finalizando citas pasadas | error=SQLSTATE[01000]: Warning: 1265 Data truncated for column 'ultimaAccionPor' at row 5
[2026-05-07 19:55:35] ROLE_ERROR[system]: Error auto-finalizando citas pasadas | error=SQLSTATE[01000]: Warning: 1265 Data truncated for column 'ultimaAccionPor' at row 5
[2026-05-07 19:55:38] ROLE_ERROR[system]: Error auto-finalizando citas pasadas | error=SQLSTATE[01000]: Warning: 1265 Data truncated for column 'ultimaAccionPor' at row 5
[2026-05-07 19:55:45] ROLE_ERROR[system]: Error auto-finalizando citas pasadas | error=SQLSTATE[01000]: Warning: 1265 Data truncated for column 'ultimaAccionPor' at row 5
[2026-05-07 19:55:45] ROLE_ERROR[system]: Error auto-finalizando citas pasadas | error=SQLSTATE[01000]: Warning: 1265 Data truncated for column 'ultimaAccionPor' at row 5
[2026-05-07 19:56:12] ROLE_ERROR[system]: Error auto-finalizando citas pasadas | error=SQLSTATE[01000]: Warning: 1265 Data truncated for column 'ultimaAccionPor' at row 5
[2026-05-07 20:08:00] ROLE_ERROR[system]: Error auto-finalizando citas pasadas | error=SQLSTATE[01000]: Warning: 1265 Data truncated for column 'ultimaAccionPor' at row 5
[2026-05-07 20:08:01] ROLE_ERROR[system]: Error auto-finalizando citas pasadas | error=SQLSTATE[01000]: Warning: 1265 Data truncated for column 'ultimaAccionPor' at row 5
[2026-05-07 20:08:02] ROLE_ERROR[system]: Error auto-finalizando citas pasadas | error=SQLSTATE[01000]: Warning: 1265 Data truncated for column 'ultimaAccionPor' at row 5
[2026-05-07 20:09:57] ROLE_ERROR[system]: Error auto-finalizando citas pasadas | error=SQLSTATE[01000]: Warning: 1265 Data truncated for column 'ultimaAccionPor' at row 5
[2026-05-07 20:09:59] ROLE_ERROR[system]: Error auto-finalizando citas pasadas | error=SQLSTATE[01000]: Warning: 1265 Data truncated for column 'ultimaAccionPor' at row 5
[2026-05-07 20:10:17] ROLE_ERROR[system]: Error auto-finalizando citas pasadas | error=SQLSTATE[01000]: Warning: 1265 Data truncated for column 'ultimaAccionPor' at row 5
[2026-05-07 20:10:17] ROLE_ERROR[system]: Error auto-finalizando citas pasadas | error=SQLSTATE[01000]: Warning: 1265 Data truncated for column 'ultimaAccionPor' at row 5
[2026-05-07 20:10:17] ROLE_ERROR[system]: Error auto-finalizando citas pasadas | error=SQLSTATE[01000]: Warning: 1265 Data truncated for column 'ultimaAccionPor' at row 5
[2026-05-07 20:12:27] ROLE_ERROR[system]: Error auto-finalizando citas pasadas | error=SQLSTATE[01000]: Warning: 1265 Data truncated for column 'ultimaAccionPor' at row 5
[2026-05-07 20:12:46] ROLE_ERROR[system]: Error auto-finalizando citas pasadas | error=SQLSTATE[01000]: Warning: 1265 Data truncated for column 'ultimaAccionPor' at row 5
[2026-05-07 20:12:46] ROLE_ERROR[guest]: Acceso no autorizado al AdminController | accion=dashboard
[2026-05-07 20:12:46] ROLE_ERROR[system]: Error auto-finalizando citas pasadas | error=SQLSTATE[01000]: Warning: 1265 Data truncated for column 'ultimaAccionPor' at row 5
[2026-05-07 20:15:22] ROLE_ERROR[system]: Error auto-finalizando citas pasadas | error=SQLSTATE[01000]: Warning: 1265 Data truncated for column 'ultimaAccionPor' at row 5
[2026-05-07 20:15:22] ROLE_ERROR[system]: Error auto-finalizando citas pasadas | error=SQLSTATE[01000]: Warning: 1265 Data truncated for column 'ultimaAccionPor' at row 5
[2026-05-07 20:15:22] ROLE_ERROR[guest]: Acceso no autorizado al AdminController | accion=dashboard
[2026-05-07 20:51:55] ROLE_ERROR[system]: Error auto-finalizando citas pasadas | error=SQLSTATE[01000]: Warning: 1265 Data truncated for column 'ultimaAccionPor' at row 5
[2026-05-07 20:53:11] ROLE_ERROR[system]: Error auto-finalizando citas pasadas | error=SQLSTATE[01000]: Warning: 1265 Data truncated for column 'ultimaAccionPor' at row 5
[2026-05-07 20:53:34] ROLE_ERROR[system]: Error auto-finalizando citas pasadas | error=SQLSTATE[01000]: Warning: 1265 Data truncated for column 'ultimaAccionPor' at row 5
[2026-05-07 20:53:34] ROLE_ERROR[guest]: Acceso no autorizado al AdminController | accion=dashboard
[2026-05-07 20:53:41] ROLE_ERROR[system]: Error auto-finalizando citas pasadas | error=SQLSTATE[01000]: Warning: 1265 Data truncated for column 'ultimaAccionPor' at row 5
[2026-05-07 20:53:41] ROLE_ERROR[system]: Error auto-finalizando citas pasadas | error=SQLSTATE[01000]: Warning: 1265 Data truncated for column 'ultimaAccionPor' at row 5
[2026-05-07 20:53:48] ROLE_ERROR[system]: Error auto-finalizando citas pasadas | error=SQLSTATE[01000]: Warning: 1265 Data truncated for column 'ultimaAccionPor' at row 5
[2026-05-07 20:53:48] ROLE_ERROR[system]: Error auto-finalizando citas pasadas | error=SQLSTATE[01000]: Warning: 1265 Data truncated for column 'ultimaAccionPor' at row 5
[2026-05-07 20:55:11] ROLE_ERROR[system]: Error auto-finalizando citas pasadas | error=SQLSTATE[01000]: Warning: 1265 Data truncated for column 'ultimaAccionPor' at row 5
[2026-05-07 20:55:11] ROLE_ERROR[system]: Error auto-finalizando citas pasadas | error=SQLSTATE[01000]: Warning: 1265 Data truncated for column 'ultimaAccionPor' at row 5
[2026-05-07 20:55:20] ROLE_ERROR[system]: Error auto-finalizando citas pasadas | error=SQLSTATE[01000]: Warning: 1265 Data truncated for column 'ultimaAccionPor' at row 5
[2026-05-07 20:55:20] ROLE_ERROR[system]: Error auto-finalizando citas pasadas | error=SQLSTATE[01000]: Warning: 1265 Data truncated for column 'ultimaAccionPor' at row 5
[2026-05-07 20:55:21] ROLE_ERROR[system]: Error auto-finalizando citas pasadas | error=SQLSTATE[01000]: Warning: 1265 Data truncated for column 'ultimaAccionPor' at row 5
[2026-05-07 20:55:26] ROLE_ERROR[system]: Error auto-finalizando citas pasadas | error=SQLSTATE[01000]: Warning: 1265 Data truncated for column 'ultimaAccionPor' at row 5
[2026-05-07 20:55:26] ROLE_ERROR[system]: Error auto-finalizando citas pasadas | error=SQLSTATE[01000]: Warning: 1265 Data truncated for column 'ultimaAccionPor' at row 5
[2026-05-07 20:55:27] ROLE_ERROR[system]: Error auto-finalizando citas pasadas | error=SQLSTATE[01000]: Warning: 1265 Data truncated for column 'ultimaAccionPor' at row 5
[2026-05-07 20:55:27] ROLE_ERROR[system]: Error auto-finalizando citas pasadas | error=SQLSTATE[01000]: Warning: 1265 Data truncated for column 'ultimaAccionPor' at row 5
[2026-05-07 20:55:27] ROLE_ERROR[system]: Error auto-finalizando citas pasadas | error=SQLSTATE[01000]: Warning: 1265 Data truncated for column 'ultimaAccionPor' at row 5
[2026-05-07 20:55:27] ROLE_ERROR[system]: Error auto-finalizando citas pasadas | error=SQLSTATE[01000]: Warning: 1265 Data truncated for column 'ultimaAccionPor' at row 5
[2026-05-07 20:55:28] ROLE_ERROR[system]: Error auto-finalizando citas pasadas | error=SQLSTATE[01000]: Warning: 1265 Data truncated for column 'ultimaAccionPor' at row 5
[2026-05-07 20:55:28] ROLE_ERROR[system]: Error auto-finalizando citas pasadas | error=SQLSTATE[01000]: Warning: 1265 Data truncated for column 'ultimaAccionPor' at row 5
[2026-05-07 20:55:36] ROLE_ERROR[system]: Error auto-finalizando citas pasadas | error=SQLSTATE[01000]: Warning: 1265 Data truncated for column 'ultimaAccionPor' at row 5
[2026-05-07 20:56:26] ROLE_ERROR[system]: Error auto-finalizando citas pasadas | error=SQLSTATE[01000]: Warning: 1265 Data truncated for column 'ultimaAccionPor' at row 5
[2026-05-07 20:56:27] ROLE_ERROR[system]: Error auto-finalizando citas pasadas | error=SQLSTATE[01000]: Warning: 1265 Data truncated for column 'ultimaAccionPor' at row 5
[2026-05-07 20:56:39] ROLE_ERROR[system]: Error auto-finalizando citas pasadas | error=SQLSTATE[01000]: Warning: 1265 Data truncated for column 'ultimaAccionPor' at row 5
[2026-05-07 20:56:49] ROLE_ERROR[system]: Error auto-finalizando citas pasadas | error=SQLSTATE[01000]: Warning: 1265 Data truncated for column 'ultimaAccionPor' at row 5
[2026-05-07 20:56:52] ROLE_ERROR[system]: Error auto-finalizando citas pasadas | error=SQLSTATE[01000]: Warning: 1265 Data truncated for column 'ultimaAccionPor' at row 5
[2026-05-07 20:57:05] ROLE_ERROR[system]: Error auto-finalizando citas pasadas | error=SQLSTATE[01000]: Warning: 1265 Data truncated for column 'ultimaAccionPor' at row 5
[2026-05-07 20:57:05] ROLE_ERROR[guest]: Error crítico en login | accion=login | error=Token de seguridad inválido o expirado. Por favor recarga la página.
[2026-05-07 20:57:09] ROLE_ERROR[system]: Error auto-finalizando citas pasadas | error=SQLSTATE[01000]: Warning: 1265 Data truncated for column 'ultimaAccionPor' at row 5
[2026-05-07 20:57:13] ROLE_ERROR[system]: Error auto-finalizando citas pasadas | error=SQLSTATE[01000]: Warning: 1265 Data truncated for column 'ultimaAccionPor' at row 5
[2026-05-07 20:57:13] ROLE_ERROR[system]: Error auto-finalizando citas pasadas | error=SQLSTATE[01000]: Warning: 1265 Data truncated for column 'ultimaAccionPor' at row 5
[2026-05-07 20:57:39] ROLE_ERROR[system]: Error auto-finalizando citas pasadas | error=SQLSTATE[01000]: Warning: 1265 Data truncated for column 'ultimaAccionPor' at row 5
[2026-05-07 20:57:57] ROLE_ERROR[system]: Error auto-finalizando citas pasadas | error=SQLSTATE[01000]: Warning: 1265 Data truncated for column 'ultimaAccionPor' at row 5
[2026-05-07 20:57:57] ROLE_ERROR[system]: Error auto-finalizando citas pasadas | error=SQLSTATE[01000]: Warning: 1265 Data truncated for column 'ultimaAccionPor' at row 5
[2026-05-07 20:58:00] ROLE_ERROR[system]: Error auto-finalizando citas pasadas | error=SQLSTATE[01000]: Warning: 1265 Data truncated for column 'ultimaAccionPor' at row 5
[2026-05-07 20:58:12] ROLE_ERROR[system]: Error auto-finalizando citas pasadas | error=SQLSTATE[01000]: Warning: 1265 Data truncated for column 'ultimaAccionPor' at row 5
[2026-05-07 20:58:12] ROLE_ERROR[system]: Error auto-finalizando citas pasadas | error=SQLSTATE[01000]: Warning: 1265 Data truncated for column 'ultimaAccionPor' at row 5
[2026-05-07 20:58:14] ROLE_ERROR[system]: Error auto-finalizando citas pasadas | error=SQLSTATE[01000]: Warning: 1265 Data truncated for column 'ultimaAccionPor' at row 5
[2026-05-07 20:58:20] ROLE_ERROR[system]: Error auto-finalizando citas pasadas | error=SQLSTATE[01000]: Warning: 1265 Data truncated for column 'ultimaAccionPor' at row 5
[2026-05-07 20:58:20] ROLE_ERROR[guest]: Credenciales inválidas en login | accion=login | email=dayana@agecso.com
[2026-05-07 20:58:24] ROLE_ERROR[system]: Error auto-finalizando citas pasadas | error=SQLSTATE[01000]: Warning: 1265 Data truncated for column 'ultimaAccionPor' at row 5
[2026-05-07 20:58:58] ROLE_ERROR[system]: Error auto-finalizando citas pasadas | error=SQLSTATE[01000]: Warning: 1265 Data truncated for column 'ultimaAccionPor' at row 5
[2026-05-07 20:59:44] ROLE_ERROR[system]: Error auto-finalizando citas pasadas | error=SQLSTATE[01000]: Warning: 1265 Data truncated for column 'ultimaAccionPor' at row 5
[2026-05-07 21:00:07] ROLE_ERROR[system]: Error auto-finalizando citas pasadas | error=SQLSTATE[01000]: Warning: 1265 Data truncated for column 'ultimaAccionPor' at row 5
[2026-05-07 21:00:56] ROLE_ERROR[system]: Error auto-finalizando citas pasadas | error=SQLSTATE[01000]: Warning: 1265 Data truncated for column 'ultimaAccionPor' at row 5
[2026-05-07 21:01:05] ROLE_ERROR[system]: Error auto-finalizando citas pasadas | error=SQLSTATE[01000]: Warning: 1265 Data truncated for column 'ultimaAccionPor' at row 5
[2026-05-07 21:01:09] ROLE_ERROR[system]: Error auto-finalizando citas pasadas | error=SQLSTATE[01000]: Warning: 1265 Data truncated for column 'ultimaAccionPor' at row 5
[2026-05-07 21:01:41] ROLE_ERROR[system]: Error auto-finalizando citas pasadas | error=SQLSTATE[01000]: Warning: 1265 Data truncated for column 'ultimaAccionPor' at row 5
[2026-05-07 21:01:41] ROLE_ERROR[guest]: Error crítico en login | accion=login | error=Token de seguridad inválido o expirado. Por favor recarga la página.
[2026-05-07 21:01:51] ROLE_ERROR[system]: Error auto-finalizando citas pasadas | error=SQLSTATE[01000]: Warning: 1265 Data truncated for column 'ultimaAccionPor' at row 5
[2026-05-07 21:01:51] ROLE_ERROR[guest]: Error crítico en login | accion=login | error=Token de seguridad inválido o expirado. Por favor recarga la página.
[2026-05-07 21:01:53] ROLE_ERROR[system]: Error auto-finalizando citas pasadas | error=SQLSTATE[01000]: Warning: 1265 Data truncated for column 'ultimaAccionPor' at row 5
[2026-05-07 21:01:53] ROLE_ERROR[system]: Error auto-finalizando citas pasadas | error=SQLSTATE[01000]: Warning: 1265 Data truncated for column 'ultimaAccionPor' at row 5
[2026-05-07 21:02:04] ROLE_ERROR[system]: Error auto-finalizando citas pasadas | error=SQLSTATE[01000]: Warning: 1265 Data truncated for column 'ultimaAccionPor' at row 5
[2026-05-07 21:02:04] ROLE_ERROR[system]: Error auto-finalizando citas pasadas | error=SQLSTATE[01000]: Warning: 1265 Data truncated for column 'ultimaAccionPor' at row 5
[2026-05-07 21:02:07] ROLE_ERROR[system]: Error auto-finalizando citas pasadas | error=SQLSTATE[01000]: Warning: 1265 Data truncated for column 'ultimaAccionPor' at row 5
[2026-05-07 21:02:15] ROLE_ERROR[system]: Error auto-finalizando citas pasadas | error=SQLSTATE[01000]: Warning: 1265 Data truncated for column 'ultimaAccionPor' at row 5
[2026-05-07 21:04:07] ROLE_ERROR[system]: Error auto-finalizando citas pasadas | error=SQLSTATE[01000]: Warning: 1265 Data truncated for column 'ultimaAccionPor' at row 5
[2026-05-08 18:00:53] ROLE_ERROR[system]: Error auto-finalizando citas pasadas | error=SQLSTATE[01000]: Warning: 1265 Data truncated for column 'ultimaAccionPor' at row 5
[2026-05-08 18:00:54] ROLE_ERROR[system]: Error auto-finalizando citas pasadas | error=SQLSTATE[01000]: Warning: 1265 Data truncated for column 'ultimaAccionPor' at row 5
[2026-05-08 18:00:58] ROLE_ERROR[system]: Error auto-finalizando citas pasadas | error=SQLSTATE[01000]: Warning: 1265 Data truncated for column 'ultimaAccionPor' at row 5
[2026-05-08 18:00:59] ROLE_ERROR[system]: Error auto-finalizando citas pasadas | error=SQLSTATE[01000]: Warning: 1265 Data truncated for column 'ultimaAccionPor' at row 5
[2026-05-08 18:02:05] ROLE_ERROR[system]: Error auto-finalizando citas pasadas | error=SQLSTATE[01000]: Warning: 1265 Data truncated for column 'ultimaAccionPor' at row 5
[2026-05-08 18:02:05] ROLE_ERROR[system]: Error auto-finalizando citas pasadas | error=SQLSTATE[01000]: Warning: 1265 Data truncated for column 'ultimaAccionPor' at row 5
[2026-05-08 18:02:06] ROLE_ERROR[system]: Error auto-finalizando citas pasadas | error=SQLSTATE[01000]: Warning: 1265 Data truncated for column 'ultimaAccionPor' at row 5
[2026-05-08 18:02:10] ROLE_ERROR[system]: Error auto-finalizando citas pasadas | error=SQLSTATE[01000]: Warning: 1265 Data truncated for column 'ultimaAccionPor' at row 5
[2026-05-08 18:02:10] ROLE_ERROR[system]: Error auto-finalizando citas pasadas | error=SQLSTATE[01000]: Warning: 1265 Data truncated for column 'ultimaAccionPor' at row 5
[2026-05-08 18:02:37] ROLE_ERROR[system]: Error auto-finalizando citas pasadas | error=SQLSTATE[01000]: Warning: 1265 Data truncated for column 'ultimaAccionPor' at row 5
[2026-05-08 18:02:37] ROLE_ERROR[system]: Error auto-finalizando citas pasadas | error=SQLSTATE[01000]: Warning: 1265 Data truncated for column 'ultimaAccionPor' at row 5
[2026-05-08 18:02:39] ROLE_ERROR[system]: Error auto-finalizando citas pasadas | error=SQLSTATE[01000]: Warning: 1265 Data truncated for column 'ultimaAccionPor' at row 5
[2026-05-08 18:02:44] ROLE_ERROR[system]: Error auto-finalizando citas pasadas | error=SQLSTATE[01000]: Warning: 1265 Data truncated for column 'ultimaAccionPor' at row 5
[2026-05-08 18:02:44] ROLE_ERROR[system]: Error auto-finalizando citas pasadas | error=SQLSTATE[01000]: Warning: 1265 Data truncated for column 'ultimaAccionPor' at row 5
[2026-05-08 18:03:26] ROLE_ERROR[system]: Error auto-finalizando citas pasadas | error=SQLSTATE[01000]: Warning: 1265 Data truncated for column 'ultimaAccionPor' at row 5
[2026-05-08 18:03:26] ROLE_ERROR[system]: Error auto-finalizando citas pasadas | error=SQLSTATE[01000]: Warning: 1265 Data truncated for column 'ultimaAccionPor' at row 5
[2026-05-08 18:03:28] ROLE_ERROR[system]: Error auto-finalizando citas pasadas | error=SQLSTATE[01000]: Warning: 1265 Data truncated for column 'ultimaAccionPor' at row 5
[2026-05-08 18:25:13] ROLE_ERROR[system]: Error auto-finalizando citas pasadas | error=SQLSTATE[01000]: Warning: 1265 Data truncated for column 'ultimaAccionPor' at row 5
[2026-05-08 18:31:15] ROLE_ERROR[system]: Error auto-finalizando citas pasadas | error=SQLSTATE[01000]: Warning: 1265 Data truncated for column 'ultimaAccionPor' at row 5
[2026-05-08 18:31:17] ROLE_ERROR[system]: Error auto-finalizando citas pasadas | error=SQLSTATE[01000]: Warning: 1265 Data truncated for column 'ultimaAccionPor' at row 5
[2026-05-08 18:31:22] ROLE_ERROR[system]: Error auto-finalizando citas pasadas | error=SQLSTATE[01000]: Warning: 1265 Data truncated for column 'ultimaAccionPor' at row 5
[2026-05-08 18:31:22] ROLE_ERROR[system]: Error auto-finalizando citas pasadas | error=SQLSTATE[01000]: Warning: 1265 Data truncated for column 'ultimaAccionPor' at row 5
[2026-05-08 18:42:25] ROLE_ERROR[system]: Error auto-finalizando citas pasadas | error=SQLSTATE[01000]: Warning: 1265 Data truncated for column 'ultimaAccionPor' at row 5
[2026-06-18 18:13:36] ROLE_ERROR[system]: Error auto-finalizando citas pasadas | error=SQLSTATE[01000]: Warning: 1265 Data truncated for column 'ultimaAccionPor' at row 5
[2026-06-18 18:13:36] ROLE_ERROR[guest]: Error crítico en login | accion=login | error=Token de seguridad inválido o expirado. Por favor recarga la página.
[2026-06-18 18:13:38] ROLE_ERROR[system]: Error auto-finalizando citas pasadas | error=SQLSTATE[01000]: Warning: 1265 Data truncated for column 'ultimaAccionPor' at row 5
[2026-06-18 18:13:42] ROLE_ERROR[system]: Error auto-finalizando citas pasadas | error=SQLSTATE[01000]: Warning: 1265 Data truncated for column 'ultimaAccionPor' at row 5
[2026-06-18 18:13:42] ROLE_ERROR[guest]: Usuario no encontrado en login | email=admin@agecso.com
[2026-06-18 18:13:42] ROLE_ERROR[guest]: Credenciales inválidas en login | accion=login | email=admin@agecso.com
[2026-06-18 18:13:52] ROLE_ERROR[system]: Error auto-finalizando citas pasadas | error=SQLSTATE[01000]: Warning: 1265 Data truncated for column 'ultimaAccionPor' at row 5
[2026-06-18 18:13:52] ROLE_ERROR[guest]: Usuario no encontrado en login | email=admin@agecso.com
[2026-06-18 18:13:52] ROLE_ERROR[guest]: Credenciales inválidas en login | accion=login | email=admin@agecso.com
[2026-06-18 18:18:04] ROLE_ERROR[system]: Error auto-finalizando citas pasadas | error=SQLSTATE[01000]: Warning: 1265 Data truncated for column 'ultimaAccionPor' at row 5
[2026-06-18 18:18:05] ROLE_ERROR[system]: Error auto-finalizando citas pasadas | error=SQLSTATE[01000]: Warning: 1265 Data truncated for column 'ultimaAccionPor' at row 5
[2026-06-18 18:24:34] ROLE_ERROR[system]: Error auto-finalizando citas pasadas | error=SQLSTATE[01000]: Warning: 1265 Data truncated for column 'ultimaAccionPor' at row 5
[2026-06-18 18:24:43] ROLE_ERROR[system]: Error auto-finalizando citas pasadas | error=SQLSTATE[01000]: Warning: 1265 Data truncated for column 'ultimaAccionPor' at row 5
[2026-06-18 18:24:45] ROLE_ERROR[system]: Error auto-finalizando citas pasadas | error=SQLSTATE[01000]: Warning: 1265 Data truncated for column 'ultimaAccionPor' at row 5
[2026-06-18 18:24:46] ROLE_ERROR[system]: Error auto-finalizando citas pasadas | error=SQLSTATE[01000]: Warning: 1265 Data truncated for column 'ultimaAccionPor' at row 5
[2026-06-18 18:24:47] ROLE_ERROR[system]: Error auto-finalizando citas pasadas | error=SQLSTATE[01000]: Warning: 1265 Data truncated for column 'ultimaAccionPor' at row 5
[2026-06-18 18:24:48] ROLE_ERROR[system]: Error auto-finalizando citas pasadas | error=SQLSTATE[01000]: Warning: 1265 Data truncated for column 'ultimaAccionPor' at row 5
[2026-06-18 18:24:49] ROLE_ERROR[system]: Error auto-finalizando citas pasadas | error=SQLSTATE[01000]: Warning: 1265 Data truncated for column 'ultimaAccionPor' at row 5
[2026-06-18 18:24:55] ROLE_ERROR[system]: Error auto-finalizando citas pasadas | error=SQLSTATE[01000]: Warning: 1265 Data truncated for column 'ultimaAccionPor' at row 5
[2026-06-18 18:25:01] ROLE_ERROR[system]: Error auto-finalizando citas pasadas | error=SQLSTATE[01000]: Warning: 1265 Data truncated for column 'ultimaAccionPor' at row 5
[2026-06-18 18:25:01] ROLE_ERROR[system]: Error auto-finalizando citas pasadas | error=SQLSTATE[01000]: Warning: 1265 Data truncated for column 'ultimaAccionPor' at row 5
[2026-06-18 18:25:03] ROLE_ERROR[system]: Error auto-finalizando citas pasadas | error=SQLSTATE[01000]: Warning: 1265 Data truncated for column 'ultimaAccionPor' at row 5
[2026-06-18 18:25:05] ROLE_ERROR[system]: Error auto-finalizando citas pasadas | error=SQLSTATE[01000]: Warning: 1265 Data truncated for column 'ultimaAccionPor' at row 5
[2026-06-18 18:25:12] ROLE_ERROR[system]: Error auto-finalizando citas pasadas | error=SQLSTATE[01000]: Warning: 1265 Data truncated for column 'ultimaAccionPor' at row 5
[2026-06-18 18:25:12] ROLE_ERROR[system]: Error auto-finalizando citas pasadas | error=SQLSTATE[01000]: Warning: 1265 Data truncated for column 'ultimaAccionPor' at row 5
[2026-06-18 18:25:26] ROLE_ERROR[system]: Error auto-finalizando citas pasadas | error=SQLSTATE[01000]: Warning: 1265 Data truncated for column 'ultimaAccionPor' at row 5
[2026-06-18 18:27:17] ROLE_ERROR[system]: Error auto-finalizando citas pasadas | error=SQLSTATE[01000]: Warning: 1265 Data truncated for column 'ultimaAccionPor' at row 5
[2026-06-18 18:27:21] ROLE_ERROR[system]: Error auto-finalizando citas pasadas | error=SQLSTATE[01000]: Warning: 1265 Data truncated for column 'ultimaAccionPor' at row 5
[2026-06-18 18:27:22] ROLE_ERROR[system]: Error auto-finalizando citas pasadas | error=SQLSTATE[01000]: Warning: 1265 Data truncated for column 'ultimaAccionPor' at row 5
[2026-06-18 18:30:12] ROLE_ERROR[system]: Error auto-finalizando citas pasadas | error=SQLSTATE[01000]: Warning: 1265 Data truncated for column 'ultimaAccionPor' at row 5
[2026-06-18 18:30:14] ROLE_ERROR[system]: Error auto-finalizando citas pasadas | error=SQLSTATE[01000]: Warning: 1265 Data truncated for column 'ultimaAccionPor' at row 5
[2026-06-18 18:30:33] ROLE_ERROR[system]: Error auto-finalizando citas pasadas | error=SQLSTATE[01000]: Warning: 1265 Data truncated for column 'ultimaAccionPor' at row 5
[2026-06-18 18:30:37] ROLE_ERROR[system]: Error auto-finalizando citas pasadas | error=SQLSTATE[01000]: Warning: 1265 Data truncated for column 'ultimaAccionPor' at row 5
[2026-06-18 18:33:11] ROLE_ERROR[system]: Error auto-finalizando citas pasadas | error=SQLSTATE[01000]: Warning: 1265 Data truncated for column 'ultimaAccionPor' at row 5
[2026-06-18 18:36:21] ROLE_ERROR[system]: Error auto-finalizando citas pasadas | error=SQLSTATE[01000]: Warning: 1265 Data truncated for column 'ultimaAccionPor' at row 5
[2026-06-18 18:40:27] ROLE_ERROR[system]: Error auto-finalizando citas pasadas | error=SQLSTATE[01000]: Warning: 1265 Data truncated for column 'ultimaAccionPor' at row 5
[2026-06-18 18:40:27] ROLE_ERROR[system]: Error auto-finalizando citas pasadas | error=SQLSTATE[01000]: Warning: 1265 Data truncated for column 'ultimaAccionPor' at row 5
[2026-06-18 18:40:29] ROLE_ERROR[system]: Error auto-finalizando citas pasadas | error=SQLSTATE[01000]: Warning: 1265 Data truncated for column 'ultimaAccionPor' at row 5
[2026-06-18 18:40:29] ROLE_ERROR[system]: Error auto-finalizando citas pasadas | error=SQLSTATE[01000]: Warning: 1265 Data truncated for column 'ultimaAccionPor' at row 5
[2026-06-18 18:40:30] ROLE_ERROR[system]: Error auto-finalizando citas pasadas | error=SQLSTATE[01000]: Warning: 1265 Data truncated for column 'ultimaAccionPor' at row 5
[2026-06-18 18:40:31] ROLE_ERROR[system]: Error auto-finalizando citas pasadas | error=SQLSTATE[01000]: Warning: 1265 Data truncated for column 'ultimaAccionPor' at row 5
[2026-06-18 18:40:31] ROLE_ERROR[system]: Error auto-finalizando citas pasadas | error=SQLSTATE[01000]: Warning: 1265 Data truncated for column 'ultimaAccionPor' at row 5
[2026-06-18 18:40:33] ROLE_ERROR[system]: Error auto-finalizando citas pasadas | error=SQLSTATE[01000]: Warning: 1265 Data truncated for column 'ultimaAccionPor' at row 5
[2026-06-18 18:40:33] ROLE_ERROR[system]: Error auto-finalizando citas pasadas | error=SQLSTATE[01000]: Warning: 1265 Data truncated for column 'ultimaAccionPor' at row 5
[2026-06-18 18:40:33] ROLE_ERROR[system]: Error auto-finalizando citas pasadas | error=SQLSTATE[01000]: Warning: 1265 Data truncated for column 'ultimaAccionPor' at row 5
[2026-06-18 18:40:38] ROLE_ERROR[system]: Error auto-finalizando citas pasadas | error=SQLSTATE[01000]: Warning: 1265 Data truncated for column 'ultimaAccionPor' at row 5
[2026-06-18 18:40:38] ROLE_ERROR[system]: Error auto-finalizando citas pasadas | error=SQLSTATE[01000]: Warning: 1265 Data truncated for column 'ultimaAccionPor' at row 5
[2026-06-18 18:40:38] ROLE_ERROR[system]: Error auto-finalizando citas pasadas | error=SQLSTATE[01000]: Warning: 1265 Data truncated for column 'ultimaAccionPor' at row 5
[2026-06-18 18:40:39] ROLE_ERROR[system]: Error auto-finalizando citas pasadas | error=SQLSTATE[01000]: Warning: 1265 Data truncated for column 'ultimaAccionPor' at row 5
[2026-06-18 18:40:39] ROLE_ERROR[system]: Error auto-finalizando citas pasadas | error=SQLSTATE[01000]: Warning: 1265 Data truncated for column 'ultimaAccionPor' at row 5
[2026-06-18 18:40:39] ROLE_ERROR[system]: Error auto-finalizando citas pasadas | error=SQLSTATE[01000]: Warning: 1265 Data truncated for column 'ultimaAccionPor' at row 5
[2026-06-18 18:40:39] ROLE_ERROR[system]: Error auto-finalizando citas pasadas | error=SQLSTATE[01000]: Warning: 1265 Data truncated for column 'ultimaAccionPor' at row 5
[2026-06-18 18:40:39] ROLE_ERROR[system]: Error auto-finalizando citas pasadas | error=SQLSTATE[01000]: Warning: 1265 Data truncated for column 'ultimaAccionPor' at row 5
[2026-06-18 18:40:40] ROLE_ERROR[system]: Error auto-finalizando citas pasadas | error=SQLSTATE[01000]: Warning: 1265 Data truncated for column 'ultimaAccionPor' at row 5
[2026-06-18 18:40:40] ROLE_ERROR[system]: Error auto-finalizando citas pasadas | error=SQLSTATE[01000]: Warning: 1265 Data truncated for column 'ultimaAccionPor' at row 5
[2026-06-18 18:40:40] ROLE_ERROR[system]: Error auto-finalizando citas pasadas | error=SQLSTATE[01000]: Warning: 1265 Data truncated for column 'ultimaAccionPor' at row 5
[2026-06-18 18:40:40] ROLE_ERROR[system]: Error auto-finalizando citas pasadas | error=SQLSTATE[01000]: Warning: 1265 Data truncated for column 'ultimaAccionPor' at row 5
[2026-06-18 18:42:35] ROLE_ERROR[system]: Error auto-finalizando citas pasadas | error=SQLSTATE[01000]: Warning: 1265 Data truncated for column 'ultimaAccionPor' at row 5
[2026-06-18 18:43:57] ROLE_ERROR[system]: Error auto-finalizando citas pasadas | error=SQLSTATE[01000]: Warning: 1265 Data truncated for column 'ultimaAccionPor' at row 5
[2026-06-18 18:44:22] ROLE_ERROR[system]: Error auto-finalizando citas pasadas | error=SQLSTATE[01000]: Warning: 1265 Data truncated for column 'ultimaAccionPor' at row 5
[2026-06-18 18:44:22] ROLE_ERROR[system]: Error auto-finalizando citas pasadas | error=SQLSTATE[01000]: Warning: 1265 Data truncated for column 'ultimaAccionPor' at row 5
[2026-06-18 18:44:29] ROLE_ERROR[system]: Error auto-finalizando citas pasadas | error=SQLSTATE[01000]: Warning: 1265 Data truncated for column 'ultimaAccionPor' at row 5
[2026-06-18 18:44:29] ROLE_ERROR[system]: Error auto-finalizando citas pasadas | error=SQLSTATE[01000]: Warning: 1265 Data truncated for column 'ultimaAccionPor' at row 5
[2026-06-18 18:44:48] ROLE_ERROR[system]: Error auto-finalizando citas pasadas | error=SQLSTATE[01000]: Warning: 1265 Data truncated for column 'ultimaAccionPor' at row 5
[2026-06-18 18:44:48] ROLE_ERROR[system]: Error auto-finalizando citas pasadas | error=SQLSTATE[01000]: Warning: 1265 Data truncated for column 'ultimaAccionPor' at row 5
[2026-06-18 18:44:48] ROLE_ERROR[system]: Error auto-finalizando citas pasadas | error=SQLSTATE[01000]: Warning: 1265 Data truncated for column 'ultimaAccionPor' at row 5
[2026-06-18 18:45:05] ROLE_ERROR[system]: Error auto-finalizando citas pasadas | error=SQLSTATE[01000]: Warning: 1265 Data truncated for column 'ultimaAccionPor' at row 5
[2026-06-18 18:45:05] ROLE_ERROR[system]: Error auto-finalizando citas pasadas | error=SQLSTATE[01000]: Warning: 1265 Data truncated for column 'ultimaAccionPor' at row 5
[2026-06-18 18:45:16] ROLE_ERROR[system]: Error auto-finalizando citas pasadas | error=SQLSTATE[01000]: Warning: 1265 Data truncated for column 'ultimaAccionPor' at row 5
[2026-06-18 18:45:16] ROLE_ERROR[system]: Error auto-finalizando citas pasadas | error=SQLSTATE[01000]: Warning: 1265 Data truncated for column 'ultimaAccionPor' at row 5
[2026-06-18 18:45:19] ROLE_ERROR[system]: Error auto-finalizando citas pasadas | error=SQLSTATE[01000]: Warning: 1265 Data truncated for column 'ultimaAccionPor' at row 5
[2026-06-18 18:45:19] ROLE_ERROR[system]: Error auto-finalizando citas pasadas | error=SQLSTATE[01000]: Warning: 1265 Data truncated for column 'ultimaAccionPor' at row 5
[2026-06-18 18:45:19] ROLE_ERROR[system]: Error auto-finalizando citas pasadas | error=SQLSTATE[01000]: Warning: 1265 Data truncated for column 'ultimaAccionPor' at row 5
[2026-06-18 18:45:53] ROLE_ERROR[system]: Error auto-finalizando citas pasadas | error=SQLSTATE[01000]: Warning: 1265 Data truncated for column 'ultimaAccionPor' at row 5
[2026-06-18 18:45:53] ROLE_ERROR[system]: Error auto-finalizando citas pasadas | error=SQLSTATE[01000]: Warning: 1265 Data truncated for column 'ultimaAccionPor' at row 5
[2026-06-18 18:56:13] ROLE_ERROR[system]: Error auto-finalizando citas pasadas | error=SQLSTATE[01000]: Warning: 1265 Data truncated for column 'ultimaAccionPor' at row 5
[2026-06-18 18:56:13] ROLE_ERROR[system]: Error auto-finalizando citas pasadas | error=SQLSTATE[01000]: Warning: 1265 Data truncated for column 'ultimaAccionPor' at row 5
[2026-06-18 19:03:26] ROLE_ERROR[system]: Error auto-finalizando citas pasadas | error=SQLSTATE[01000]: Warning: 1265 Data truncated for column 'ultimaAccionPor' at row 5
[2026-06-18 19:04:25] ROLE_ERROR[system]: Error auto-finalizando citas pasadas | error=SQLSTATE[01000]: Warning: 1265 Data truncated for column 'ultimaAccionPor' at row 5
[2026-06-18 19:15:32] ROLE_ERROR[system]: Error auto-finalizando citas pasadas | error=SQLSTATE[01000]: Warning: 1265 Data truncated for column 'ultimaAccionPor' at row 5
[2026-06-18 19:17:03] ROLE_ERROR[system]: Error auto-finalizando citas pasadas | error=SQLSTATE[01000]: Warning: 1265 Data truncated for column 'ultimaAccionPor' at row 5
[2026-06-18 19:20:02] ROLE_ERROR[system]: Error auto-finalizando citas pasadas | error=SQLSTATE[01000]: Warning: 1265 Data truncated for column 'ultimaAccionPor' at row 5
[2026-06-18 19:20:52] ROLE_ERROR[system]: Error auto-finalizando citas pasadas | error=SQLSTATE[01000]: Warning: 1265 Data truncated for column 'ultimaAccionPor' at row 5
[2026-06-18 19:21:55] ROLE_ERROR[system]: Error auto-finalizando citas pasadas | error=SQLSTATE[01000]: Warning: 1265 Data truncated for column 'ultimaAccionPor' at row 5
[2026-06-18 19:21:55] ROLE_ERROR[guest]: Usuario no encontrado en login | email=dayanalizeth067@gmail.com
[2026-06-18 19:21:55] ROLE_ERROR[guest]: Credenciales inválidas en login | accion=login | email=dayanalizeth067@gmail.com
[2026-06-18 19:22:42] ROLE_ERROR[system]: Error auto-finalizando citas pasadas | error=SQLSTATE[01000]: Warning: 1265 Data truncated for column 'ultimaAccionPor' at row 5
[2026-06-18 19:22:42] ROLE_ERROR[guest]: Error crítico en login | accion=login | error=Token de seguridad inválido o expirado. Por favor recarga la página.
[2026-06-18 19:22:45] ROLE_ERROR[system]: Error auto-finalizando citas pasadas | error=SQLSTATE[01000]: Warning: 1265 Data truncated for column 'ultimaAccionPor' at row 5
[2026-06-18 19:23:44] ROLE_ERROR[system]: Error auto-finalizando citas pasadas | error=SQLSTATE[01000]: Warning: 1265 Data truncated for column 'ultimaAccionPor' at row 5
[2026-06-18 19:24:42] ROLE_ERROR[system]: Error auto-finalizando citas pasadas | error=SQLSTATE[01000]: Warning: 1265 Data truncated for column 'ultimaAccionPor' at row 5
[2026-06-18 19:24:42] ROLE_ERROR[system]: Error auto-finalizando citas pasadas | error=SQLSTATE[01000]: Warning: 1265 Data truncated for column 'ultimaAccionPor' at row 5
[2026-06-18 19:25:02] ROLE_ERROR[system]: Error auto-finalizando citas pasadas | error=SQLSTATE[01000]: Warning: 1265 Data truncated for column 'ultimaAccionPor' at row 5
[2026-06-18 19:26:13] ROLE_ERROR[system]: Error auto-finalizando citas pasadas | error=SQLSTATE[01000]: Warning: 1265 Data truncated for column 'ultimaAccionPor' at row 5
[2026-06-18 19:26:51] ROLE_ERROR[system]: Error auto-finalizando citas pasadas | error=SQLSTATE[01000]: Warning: 1265 Data truncated for column 'ultimaAccionPor' at row 5
[2026-06-18 19:26:51] ROLE_ERROR[system]: Error auto-finalizando citas pasadas | error=SQLSTATE[01000]: Warning: 1265 Data truncated for column 'ultimaAccionPor' at row 5
[2026-06-18 19:33:10] ROLE_ERROR[system]: Error auto-finalizando citas pasadas | error=SQLSTATE[01000]: Warning: 1265 Data truncated for column 'ultimaAccionPor' at row 5
[2026-06-18 19:33:10] ROLE_ERROR[system]: Error auto-finalizando citas pasadas | error=SQLSTATE[01000]: Warning: 1265 Data truncated for column 'ultimaAccionPor' at row 5
[2026-06-18 19:37:23] ROLE_ERROR[system]: Error auto-finalizando citas pasadas | error=SQLSTATE[01000]: Warning: 1265 Data truncated for column 'ultimaAccionPor' at row 5
[2026-06-18 19:37:23] ROLE_ERROR[system]: Error auto-finalizando citas pasadas | error=SQLSTATE[01000]: Warning: 1265 Data truncated for column 'ultimaAccionPor' at row 5
[2026-06-18 19:42:07] ROLE_ERROR[system]: Error auto-finalizando citas pasadas | error=SQLSTATE[01000]: Warning: 1265 Data truncated for column 'ultimaAccionPor' at row 5
[2026-06-18 19:42:07] ROLE_ERROR[system]: Error auto-finalizando citas pasadas | error=SQLSTATE[01000]: Warning: 1265 Data truncated for column 'ultimaAccionPor' at row 5
[2026-06-18 19:43:41] ROLE_ERROR[system]: Error auto-finalizando citas pasadas | error=SQLSTATE[01000]: Warning: 1265 Data truncated for column 'ultimaAccionPor' at row 5
[2026-06-18 19:43:41] ROLE_ERROR[system]: Error auto-finalizando citas pasadas | error=SQLSTATE[01000]: Warning: 1265 Data truncated for column 'ultimaAccionPor' at row 5
[2026-06-18 19:43:46] ROLE_ERROR[system]: Error auto-finalizando citas pasadas | error=SQLSTATE[01000]: Warning: 1265 Data truncated for column 'ultimaAccionPor' at row 5
[2026-06-18 21:43:35] ROLE_ERROR[system]: Error auto-finalizando citas pasadas | error=SQLSTATE[01000]: Warning: 1265 Data truncated for column 'ultimaAccionPor' at row 5
[2026-06-19 16:45:20] ROLE_ERROR[system]: Error auto-finalizando citas pasadas | error=SQLSTATE[01000]: Warning: 1265 Data truncated for column 'ultimaAccionPor' at row 5
[2026-06-19 16:45:20] ROLE_ERROR[system]: Error auto-finalizando citas pasadas | error=SQLSTATE[01000]: Warning: 1265 Data truncated for column 'ultimaAccionPor' at row 5
[2026-06-19 16:50:31] ROLE_ERROR[system]: Error auto-finalizando citas pasadas | error=SQLSTATE[01000]: Warning: 1265 Data truncated for column 'ultimaAccionPor' at row 5
[2026-06-19 16:50:31] ROLE_ERROR[system]: Error auto-finalizando citas pasadas | error=SQLSTATE[01000]: Warning: 1265 Data truncated for column 'ultimaAccionPor' at row 5
[2026-06-19 16:54:29] ROLE_ERROR[system]: Error auto-finalizando citas pasadas | error=SQLSTATE[01000]: Warning: 1265 Data truncated for column 'ultimaAccionPor' at row 5
[2026-06-19 16:54:29] ROLE_ERROR[system]: Error auto-finalizando citas pasadas | error=SQLSTATE[01000]: Warning: 1265 Data truncated for column 'ultimaAccionPor' at row 5
[2026-06-19 16:54:35] ROLE_ERROR[system]: Error auto-finalizando citas pasadas | error=SQLSTATE[01000]: Warning: 1265 Data truncated for column 'ultimaAccionPor' at row 5
[2026-06-19 16:54:35] ROLE_ERROR[system]: Error auto-finalizando citas pasadas | error=SQLSTATE[01000]: Warning: 1265 Data truncated for column 'ultimaAccionPor' at row 5
[2026-06-19 16:54:48] ROLE_ERROR[system]: Error auto-finalizando citas pasadas | error=SQLSTATE[01000]: Warning: 1265 Data truncated for column 'ultimaAccionPor' at row 5
[2026-06-19 16:54:52] ROLE_ERROR[system]: Error auto-finalizando citas pasadas | error=SQLSTATE[01000]: Warning: 1265 Data truncated for column 'ultimaAccionPor' at row 5
[2026-06-19 16:54:52] ROLE_ERROR[system]: Error auto-finalizando citas pasadas | error=SQLSTATE[01000]: Warning: 1265 Data truncated for column 'ultimaAccionPor' at row 5
[2026-06-19 16:54:52] ROLE_ERROR[system]: Error auto-finalizando citas pasadas | error=SQLSTATE[01000]: Warning: 1265 Data truncated for column 'ultimaAccionPor' at row 5
[2026-06-19 16:54:54] ROLE_ERROR[system]: Error auto-finalizando citas pasadas | error=SQLSTATE[01000]: Warning: 1265 Data truncated for column 'ultimaAccionPor' at row 5
[2026-06-19 16:54:54] ROLE_ERROR[system]: Error auto-finalizando citas pasadas | error=SQLSTATE[01000]: Warning: 1265 Data truncated for column 'ultimaAccionPor' at row 5
[2026-06-19 16:55:00] ROLE_ERROR[system]: Error auto-finalizando citas pasadas | error=SQLSTATE[01000]: Warning: 1265 Data truncated for column 'ultimaAccionPor' at row 5
[2026-06-19 16:55:03] ROLE_ERROR[system]: Error auto-finalizando citas pasadas | error=SQLSTATE[01000]: Warning: 1265 Data truncated for column 'ultimaAccionPor' at row 5
[2026-06-19 16:55:03] ROLE_ERROR[system]: Error auto-finalizando citas pasadas | error=SQLSTATE[01000]: Warning: 1265 Data truncated for column 'ultimaAccionPor' at row 5
[2026-06-19 16:55:03] ROLE_ERROR[system]: Error auto-finalizando citas pasadas | error=SQLSTATE[01000]: Warning: 1265 Data truncated for column 'ultimaAccionPor' at row 5
[2026-06-19 17:11:53] ROLE_ERROR[system]: Error auto-finalizando citas pasadas | error=SQLSTATE[01000]: Warning: 1265 Data truncated for column 'ultimaAccionPor' at row 5
[2026-06-19 17:11:53] ROLE_ERROR[system]: Error auto-finalizando citas pasadas | error=SQLSTATE[01000]: Warning: 1265 Data truncated for column 'ultimaAccionPor' at row 5
[2026-06-19 17:12:09] ROLE_ERROR[system]: Error auto-finalizando citas pasadas | error=SQLSTATE[01000]: Warning: 1265 Data truncated for column 'ultimaAccionPor' at row 5
[2026-06-19 17:12:09] ROLE_ERROR[system]: Error auto-finalizando citas pasadas | error=SQLSTATE[01000]: Warning: 1265 Data truncated for column 'ultimaAccionPor' at row 5
[2026-06-19 17:12:32] ROLE_ERROR[system]: Error auto-finalizando citas pasadas | error=SQLSTATE[01000]: Warning: 1265 Data truncated for column 'ultimaAccionPor' at row 5
[2026-06-19 17:13:23] ROLE_ERROR[system]: Error auto-finalizando citas pasadas | error=SQLSTATE[01000]: Warning: 1265 Data truncated for column 'ultimaAccionPor' at row 5
[2026-06-19 17:13:43] ROLE_ERROR[system]: Error auto-finalizando citas pasadas | error=SQLSTATE[01000]: Warning: 1265 Data truncated for column 'ultimaAccionPor' at row 5
[2026-06-19 17:14:14] ROLE_ERROR[system]: Error auto-finalizando citas pasadas | error=SQLSTATE[01000]: Warning: 1265 Data truncated for column 'ultimaAccionPor' at row 5
[2026-06-19 17:14:15] ROLE_ERROR[system]: Error auto-finalizando citas pasadas | error=SQLSTATE[01000]: Warning: 1265 Data truncated for column 'ultimaAccionPor' at row 5
[2026-06-19 17:14:23] ROLE_ERROR[system]: Error auto-finalizando citas pasadas | error=SQLSTATE[01000]: Warning: 1265 Data truncated for column 'ultimaAccionPor' at row 5
[2026-06-19 17:14:49] ROLE_ERROR[system]: Error auto-finalizando citas pasadas | error=SQLSTATE[01000]: Warning: 1265 Data truncated for column 'ultimaAccionPor' at row 5
[2026-06-19 17:16:13] ROLE_ERROR[system]: Error auto-finalizando citas pasadas | error=SQLSTATE[01000]: Warning: 1265 Data truncated for column 'ultimaAccionPor' at row 5
[2026-06-19 17:16:13] ROLE_ERROR[system]: Error auto-finalizando citas pasadas | error=SQLSTATE[01000]: Warning: 1265 Data truncated for column 'ultimaAccionPor' at row 5
[2026-06-19 17:16:22] ROLE_ERROR[system]: Error auto-finalizando citas pasadas | error=SQLSTATE[01000]: Warning: 1265 Data truncated for column 'ultimaAccionPor' at row 5
[2026-06-19 17:16:22] ROLE_ERROR[system]: Error auto-finalizando citas pasadas | error=SQLSTATE[01000]: Warning: 1265 Data truncated for column 'ultimaAccionPor' at row 5
[2026-06-19 17:16:22] ROLE_ERROR[system]: Error auto-finalizando citas pasadas | error=SQLSTATE[01000]: Warning: 1265 Data truncated for column 'ultimaAccionPor' at row 5
[2026-06-19 17:17:03] ROLE_ERROR[system]: Error auto-finalizando citas pasadas | error=SQLSTATE[01000]: Warning: 1265 Data truncated for column 'ultimaAccionPor' at row 5
[2026-06-19 17:17:03] ROLE_ERROR[system]: Error auto-finalizando citas pasadas | error=SQLSTATE[01000]: Warning: 1265 Data truncated for column 'ultimaAccionPor' at row 5
[2026-06-19 17:17:09] ROLE_ERROR[system]: Error auto-finalizando citas pasadas | error=SQLSTATE[01000]: Warning: 1265 Data truncated for column 'ultimaAccionPor' at row 5
[2026-06-19 17:17:09] ROLE_ERROR[system]: Error auto-finalizando citas pasadas | error=SQLSTATE[01000]: Warning: 1265 Data truncated for column 'ultimaAccionPor' at row 5
[2026-06-19 17:17:13] ROLE_ERROR[system]: Error auto-finalizando citas pasadas | error=SQLSTATE[01000]: Warning: 1265 Data truncated for column 'ultimaAccionPor' at row 5
[2026-06-19 17:17:14] ROLE_ERROR[system]: Error auto-finalizando citas pasadas | error=SQLSTATE[01000]: Warning: 1265 Data truncated for column 'ultimaAccionPor' at row 5
[2026-06-19 17:18:16] ROLE_ERROR[system]: Error auto-finalizando citas pasadas | error=SQLSTATE[01000]: Warning: 1265 Data truncated for column 'ultimaAccionPor' at row 5
[2026-06-19 17:18:16] ROLE_ERROR[system]: Error auto-finalizando citas pasadas | error=SQLSTATE[01000]: Warning: 1265 Data truncated for column 'ultimaAccionPor' at row 5
[2026-06-19 17:18:17] ROLE_ERROR[system]: Error auto-finalizando citas pasadas | error=SQLSTATE[01000]: Warning: 1265 Data truncated for column 'ultimaAccionPor' at row 5
[2026-06-19 17:18:17] ROLE_ERROR[system]: Error auto-finalizando citas pasadas | error=SQLSTATE[01000]: Warning: 1265 Data truncated for column 'ultimaAccionPor' at row 5
[2026-06-19 17:18:17] ROLE_ERROR[system]: Error auto-finalizando citas pasadas | error=SQLSTATE[01000]: Warning: 1265 Data truncated for column 'ultimaAccionPor' at row 5
[2026-06-19 17:18:18] ROLE_ERROR[system]: Error auto-finalizando citas pasadas | error=SQLSTATE[01000]: Warning: 1265 Data truncated for column 'ultimaAccionPor' at row 5
[2026-06-19 17:18:27] ROLE_ERROR[system]: Error auto-finalizando citas pasadas | error=SQLSTATE[01000]: Warning: 1265 Data truncated for column 'ultimaAccionPor' at row 5
[2026-06-19 17:18:27] ROLE_ERROR[guest]: Usuario no encontrado en login | email=admin@agecso.com
[2026-06-19 17:18:27] ROLE_ERROR[guest]: Credenciales inválidas en login | accion=login | email=admin@agecso.com
[2026-06-19 17:27:53] ROLE_ERROR[system]: Error auto-finalizando citas pasadas | error=SQLSTATE[01000]: Warning: 1265 Data truncated for column 'ultimaAccionPor' at row 5
[2026-06-19 17:27:53] ROLE_ERROR[system]: Error auto-finalizando citas pasadas | error=SQLSTATE[01000]: Warning: 1265 Data truncated for column 'ultimaAccionPor' at row 5
[2026-06-19 17:27:58] ROLE_ERROR[system]: Error auto-finalizando citas pasadas | error=SQLSTATE[01000]: Warning: 1265 Data truncated for column 'ultimaAccionPor' at row 5
[2026-06-19 17:27:59] ROLE_ERROR[system]: Error auto-finalizando citas pasadas | error=SQLSTATE[01000]: Warning: 1265 Data truncated for column 'ultimaAccionPor' at row 5
[2026-06-19 17:27:59] ROLE_ERROR[system]: Error auto-finalizando citas pasadas | error=SQLSTATE[01000]: Warning: 1265 Data truncated for column 'ultimaAccionPor' at row 5
[2026-06-19 17:27:59] ROLE_ERROR[system]: Error auto-finalizando citas pasadas | error=SQLSTATE[01000]: Warning: 1265 Data truncated for column 'ultimaAccionPor' at row 5
[2026-06-19 17:28:49] ROLE_ERROR[system]: Error auto-finalizando citas pasadas | error=SQLSTATE[01000]: Warning: 1265 Data truncated for column 'ultimaAccionPor' at row 5
[2026-06-19 17:28:49] ROLE_ERROR[system]: Error auto-finalizando citas pasadas | error=SQLSTATE[01000]: Warning: 1265 Data truncated for column 'ultimaAccionPor' at row 5
[2026-06-19 17:29:34] ROLE_ERROR[system]: Error auto-finalizando citas pasadas | error=SQLSTATE[01000]: Warning: 1265 Data truncated for column 'ultimaAccionPor' at row 5
[2026-06-19 17:29:34] ROLE_ERROR[system]: Error auto-finalizando citas pasadas | error=SQLSTATE[01000]: Warning: 1265 Data truncated for column 'ultimaAccionPor' at row 5
[2026-06-19 17:29:34] ROLE_ERROR[system]: Error auto-finalizando citas pasadas | error=SQLSTATE[01000]: Warning: 1265 Data truncated for column 'ultimaAccionPor' at row 5
[2026-06-19 17:29:35] ROLE_ERROR[system]: Error auto-finalizando citas pasadas | error=SQLSTATE[01000]: Warning: 1265 Data truncated for column 'ultimaAccionPor' at row 5
[2026-06-19 17:56:12] ROLE_ERROR[system]: Error auto-finalizando citas pasadas | error=SQLSTATE[01000]: Warning: 1265 Data truncated for column 'ultimaAccionPor' at row 5
[2026-06-19 17:56:12] ROLE_ERROR[system]: Error auto-finalizando citas pasadas | error=SQLSTATE[01000]: Warning: 1265 Data truncated for column 'ultimaAccionPor' at row 5
[2026-06-19 17:56:18] ROLE_ERROR[system]: Error auto-finalizando citas pasadas | error=SQLSTATE[01000]: Warning: 1265 Data truncated for column 'ultimaAccionPor' at row 5
[2026-06-19 17:56:18] ROLE_ERROR[system]: Error auto-finalizando citas pasadas | error=SQLSTATE[01000]: Warning: 1265 Data truncated for column 'ultimaAccionPor' at row 5
[2026-06-19 17:58:23] ROLE_ERROR[system]: Error auto-finalizando citas pasadas | error=SQLSTATE[01000]: Warning: 1265 Data truncated for column 'ultimaAccionPor' at row 5
[2026-06-19 17:58:23] ROLE_ERROR[system]: Error auto-finalizando citas pasadas | error=SQLSTATE[01000]: Warning: 1265 Data truncated for column 'ultimaAccionPor' at row 5
[2026-06-19 17:58:27] ROLE_ERROR[system]: Error auto-finalizando citas pasadas | error=SQLSTATE[01000]: Warning: 1265 Data truncated for column 'ultimaAccionPor' at row 5
[2026-06-19 17:58:27] ROLE_ERROR[system]: Error auto-finalizando citas pasadas | error=SQLSTATE[01000]: Warning: 1265 Data truncated for column 'ultimaAccionPor' at row 5
[2026-06-19 17:58:27] ROLE_ERROR[system]: Error auto-finalizando citas pasadas | error=SQLSTATE[01000]: Warning: 1265 Data truncated for column 'ultimaAccionPor' at row 5
[2026-06-19 17:58:33] ROLE_ERROR[system]: Error auto-finalizando citas pasadas | error=SQLSTATE[01000]: Warning: 1265 Data truncated for column 'ultimaAccionPor' at row 5
[2026-06-19 17:58:33] ROLE_ERROR[system]: Error auto-finalizando citas pasadas | error=SQLSTATE[01000]: Warning: 1265 Data truncated for column 'ultimaAccionPor' at row 5
[2026-06-19 17:58:42] ROLE_ERROR[system]: Error auto-finalizando citas pasadas | error=SQLSTATE[01000]: Warning: 1265 Data truncated for column 'ultimaAccionPor' at row 5
[2026-06-19 17:58:42] ROLE_ERROR[system]: Error auto-finalizando citas pasadas | error=SQLSTATE[01000]: Warning: 1265 Data truncated for column 'ultimaAccionPor' at row 5
[2026-06-19 17:58:42] ROLE_ERROR[system]: Error auto-finalizando citas pasadas | error=SQLSTATE[01000]: Warning: 1265 Data truncated for column 'ultimaAccionPor' at row 5
[2026-06-19 17:59:02] ROLE_ERROR[system]: Error auto-finalizando citas pasadas | error=SQLSTATE[01000]: Warning: 1265 Data truncated for column 'ultimaAccionPor' at row 5
[2026-06-19 17:59:02] ROLE_ERROR[system]: Error auto-finalizando citas pasadas | error=SQLSTATE[01000]: Warning: 1265 Data truncated for column 'ultimaAccionPor' at row 5
[2026-06-19 18:00:04] ROLE_ERROR[system]: Error auto-finalizando citas pasadas | error=SQLSTATE[01000]: Warning: 1265 Data truncated for column 'ultimaAccionPor' at row 5
[2026-06-19 18:00:04] ROLE_ERROR[system]: Error auto-finalizando citas pasadas | error=SQLSTATE[01000]: Warning: 1265 Data truncated for column 'ultimaAccionPor' at row 5
[2026-06-19 18:00:04] ROLE_ERROR[system]: Error auto-finalizando citas pasadas | error=SQLSTATE[01000]: Warning: 1265 Data truncated for column 'ultimaAccionPor' at row 5
[2026-06-19 18:08:58] ROLE_ERROR[system]: Error auto-finalizando citas pasadas | error=SQLSTATE[01000]: Warning: 1265 Data truncated for column 'ultimaAccionPor' at row 5
[2026-06-19 18:08:58] ROLE_ERROR[system]: Error auto-finalizando citas pasadas | error=SQLSTATE[01000]: Warning: 1265 Data truncated for column 'ultimaAccionPor' at row 5
[2026-06-19 18:09:25] ROLE_ERROR[system]: Error auto-finalizando citas pasadas | error=SQLSTATE[01000]: Warning: 1265 Data truncated for column 'ultimaAccionPor' at row 5
[2026-06-19 18:09:25] ROLE_ERROR[system]: Error auto-finalizando citas pasadas | error=SQLSTATE[01000]: Warning: 1265 Data truncated for column 'ultimaAccionPor' at row 5
[2026-06-19 18:10:08] ROLE_ERROR[system]: Error auto-finalizando citas pasadas | error=SQLSTATE[01000]: Warning: 1265 Data truncated for column 'ultimaAccionPor' at row 5
[2026-06-19 18:10:39] ROLE_ERROR[system]: Error auto-finalizando citas pasadas | error=SQLSTATE[01000]: Warning: 1265 Data truncated for column 'ultimaAccionPor' at row 5
[2026-06-19 18:10:39] ROLE_ERROR[system]: Error auto-finalizando citas pasadas | error=SQLSTATE[01000]: Warning: 1265 Data truncated for column 'ultimaAccionPor' at row 5
[2026-06-19 18:10:39] ROLE_ERROR[system]: Error auto-finalizando citas pasadas | error=SQLSTATE[01000]: Warning: 1265 Data truncated for column 'ultimaAccionPor' at row 5
[2026-06-19 18:10:47] ROLE_ERROR[system]: Error auto-finalizando citas pasadas | error=SQLSTATE[01000]: Warning: 1265 Data truncated for column 'ultimaAccionPor' at row 5
[2026-06-19 18:10:47] ROLE_ERROR[system]: Error auto-finalizando citas pasadas | error=SQLSTATE[01000]: Warning: 1265 Data truncated for column 'ultimaAccionPor' at row 5
[2026-06-19 18:10:49] ROLE_ERROR[system]: Error auto-finalizando citas pasadas | error=SQLSTATE[01000]: Warning: 1265 Data truncated for column 'ultimaAccionPor' at row 5
[2026-06-19 18:11:41] ROLE_ERROR[system]: Error auto-finalizando citas pasadas | error=SQLSTATE[01000]: Warning: 1265 Data truncated for column 'ultimaAccionPor' at row 5
[2026-06-19 18:11:53] ROLE_ERROR[system]: Error auto-finalizando citas pasadas | error=SQLSTATE[01000]: Warning: 1265 Data truncated for column 'ultimaAccionPor' at row 5
[2026-06-19 18:11:53] ROLE_ERROR[guest]: Credenciales inválidas en login | accion=login | email=vendedor@prueba.com
[2026-06-19 18:12:03] ROLE_ERROR[system]: Error auto-finalizando citas pasadas | error=SQLSTATE[01000]: Warning: 1265 Data truncated for column 'ultimaAccionPor' at row 5
[2026-06-19 18:13:04] ROLE_ERROR[system]: Error auto-finalizando citas pasadas | error=SQLSTATE[01000]: Warning: 1265 Data truncated for column 'ultimaAccionPor' at row 5
[2026-06-19 18:13:12] ROLE_ERROR[system]: Error auto-finalizando citas pasadas | error=SQLSTATE[01000]: Warning: 1265 Data truncated for column 'ultimaAccionPor' at row 5
[2026-06-19 18:13:12] ROLE_ERROR[guest]: Credenciales inválidas en login | accion=login | email=vendedor@prueba.com
[2026-06-19 18:13:21] ROLE_ERROR[system]: Error auto-finalizando citas pasadas | error=SQLSTATE[01000]: Warning: 1265 Data truncated for column 'ultimaAccionPor' at row 5
[2026-06-19 18:13:21] ROLE_ERROR[guest]: Credenciales inválidas en login | accion=login | email=vendedor@prueba.com
[2026-06-19 18:13:34] ROLE_ERROR[system]: Error auto-finalizando citas pasadas | error=SQLSTATE[01000]: Warning: 1265 Data truncated for column 'ultimaAccionPor' at row 5
[2026-06-19 18:13:34] ROLE_ERROR[system]: Error auto-finalizando citas pasadas | error=SQLSTATE[01000]: Warning: 1265 Data truncated for column 'ultimaAccionPor' at row 5
[2026-06-19 18:14:08] ROLE_ERROR[system]: Error auto-finalizando citas pasadas | error=SQLSTATE[01000]: Warning: 1265 Data truncated for column 'ultimaAccionPor' at row 5
[2026-06-19 18:14:08] ROLE_ERROR[system]: Error auto-finalizando citas pasadas | error=SQLSTATE[01000]: Warning: 1265 Data truncated for column 'ultimaAccionPor' at row 5
[2026-06-19 18:14:23] ROLE_ERROR[system]: Error auto-finalizando citas pasadas | error=SQLSTATE[01000]: Warning: 1265 Data truncated for column 'ultimaAccionPor' at row 5
[2026-06-19 18:14:23] ROLE_ERROR[system]: Error auto-finalizando citas pasadas | error=SQLSTATE[01000]: Warning: 1265 Data truncated for column 'ultimaAccionPor' at row 5
[2026-06-19 18:14:23] ROLE_ERROR[system]: Error auto-finalizando citas pasadas | error=SQLSTATE[01000]: Warning: 1265 Data truncated for column 'ultimaAccionPor' at row 5
[2026-06-19 18:14:31] ROLE_ERROR[system]: Error auto-finalizando citas pasadas | error=SQLSTATE[01000]: Warning: 1265 Data truncated for column 'ultimaAccionPor' at row 5
[2026-06-19 18:14:31] ROLE_ERROR[system]: Error auto-finalizando citas pasadas | error=SQLSTATE[01000]: Warning: 1265 Data truncated for column 'ultimaAccionPor' at row 5
[2026-06-19 18:14:54] ROLE_ERROR[system]: Error auto-finalizando citas pasadas | error=SQLSTATE[01000]: Warning: 1265 Data truncated for column 'ultimaAccionPor' at row 5
[2026-06-19 18:15:24] ROLE_ERROR[system]: Error auto-finalizando citas pasadas | error=SQLSTATE[01000]: Warning: 1265 Data truncated for column 'ultimaAccionPor' at row 5
[2026-06-19 18:15:25] ROLE_ERROR[system]: Error auto-finalizando citas pasadas | error=SQLSTATE[01000]: Warning: 1265 Data truncated for column 'ultimaAccionPor' at row 5
[2026-06-19 18:15:38] ROLE_ERROR[system]: Error auto-finalizando citas pasadas | error=SQLSTATE[01000]: Warning: 1265 Data truncated for column 'ultimaAccionPor' at row 5
[2026-06-19 18:15:38] ROLE_ERROR[system]: Error auto-finalizando citas pasadas | error=SQLSTATE[01000]: Warning: 1265 Data truncated for column 'ultimaAccionPor' at row 5
[2026-06-19 18:15:42] ROLE_ERROR[system]: Error auto-finalizando citas pasadas | error=SQLSTATE[01000]: Warning: 1265 Data truncated for column 'ultimaAccionPor' at row 5
[2026-06-19 18:15:44] ROLE_ERROR[system]: Error auto-finalizando citas pasadas | error=SQLSTATE[01000]: Warning: 1265 Data truncated for column 'ultimaAccionPor' at row 5
[2026-06-19 18:15:44] ROLE_ERROR[system]: Error auto-finalizando citas pasadas | error=SQLSTATE[01000]: Warning: 1265 Data truncated for column 'ultimaAccionPor' at row 5
[2026-06-19 18:15:44] ROLE_ERROR[system]: Error auto-finalizando citas pasadas | error=SQLSTATE[01000]: Warning: 1265 Data truncated for column 'ultimaAccionPor' at row 5
[2026-06-19 18:15:53] ROLE_ERROR[system]: Error auto-finalizando citas pasadas | error=SQLSTATE[01000]: Warning: 1265 Data truncated for column 'ultimaAccionPor' at row 5
[2026-06-19 18:15:53] ROLE_ERROR[system]: Error auto-finalizando citas pasadas | error=SQLSTATE[01000]: Warning: 1265 Data truncated for column 'ultimaAccionPor' at row 5
[2026-06-19 18:16:10] ROLE_ERROR[system]: Error auto-finalizando citas pasadas | error=SQLSTATE[01000]: Warning: 1265 Data truncated for column 'ultimaAccionPor' at row 5
[2026-06-19 18:17:17] ROLE_ERROR[system]: Error auto-finalizando citas pasadas | error=SQLSTATE[01000]: Warning: 1265 Data truncated for column 'ultimaAccionPor' at row 5
[2026-06-19 18:17:17] ROLE_ERROR[system]: Error auto-finalizando citas pasadas | error=SQLSTATE[01000]: Warning: 1265 Data truncated for column 'ultimaAccionPor' at row 5
[2026-06-19 18:17:17] ROLE_ERROR[system]: Error auto-finalizando citas pasadas | error=SQLSTATE[01000]: Warning: 1265 Data truncated for column 'ultimaAccionPor' at row 5
[2026-06-19 18:26:48] ROLE_ERROR[system]: Error auto-finalizando citas pasadas | error=SQLSTATE[01000]: Warning: 1265 Data truncated for column 'ultimaAccionPor' at row 5
[2026-06-19 18:26:48] ROLE_ERROR[system]: Error auto-finalizando citas pasadas | error=SQLSTATE[01000]: Warning: 1265 Data truncated for column 'ultimaAccionPor' at row 5
[2026-06-19 18:27:00] ROLE_ERROR[system]: Error auto-finalizando citas pasadas | error=SQLSTATE[01000]: Warning: 1265 Data truncated for column 'ultimaAccionPor' at row 5
[2026-06-19 18:27:01] ROLE_ERROR[system]: Error auto-finalizando citas pasadas | error=SQLSTATE[01000]: Warning: 1265 Data truncated for column 'ultimaAccionPor' at row 5
[2026-06-19 18:27:56] ROLE_ERROR[system]: Error auto-finalizando citas pasadas | error=SQLSTATE[01000]: Warning: 1265 Data truncated for column 'ultimaAccionPor' at row 5
[2026-06-19 18:28:57] ROLE_ERROR[system]: Error auto-finalizando citas pasadas | error=SQLSTATE[01000]: Warning: 1265 Data truncated for column 'ultimaAccionPor' at row 5
[2026-06-19 18:28:57] ROLE_ERROR[system]: Error auto-finalizando citas pasadas | error=SQLSTATE[01000]: Warning: 1265 Data truncated for column 'ultimaAccionPor' at row 5
[2026-06-19 18:29:31] ROLE_ERROR[system]: Error auto-finalizando citas pasadas | error=SQLSTATE[01000]: Warning: 1265 Data truncated for column 'ultimaAccionPor' at row 5
[2026-06-19 18:30:56] ROLE_ERROR[system]: Error auto-finalizando citas pasadas | error=SQLSTATE[01000]: Warning: 1265 Data truncated for column 'ultimaAccionPor' at row 5
[2026-06-19 18:31:01] ROLE_ERROR[system]: Error auto-finalizando citas pasadas | error=SQLSTATE[01000]: Warning: 1265 Data truncated for column 'ultimaAccionPor' at row 5
[2026-06-19 18:31:04] ROLE_ERROR[system]: Error auto-finalizando citas pasadas | error=SQLSTATE[01000]: Warning: 1265 Data truncated for column 'ultimaAccionPor' at row 5
[2026-06-19 18:31:08] ROLE_ERROR[system]: Error auto-finalizando citas pasadas | error=SQLSTATE[01000]: Warning: 1265 Data truncated for column 'ultimaAccionPor' at row 5
[2026-06-19 18:31:08] ROLE_ERROR[system]: Error auto-finalizando citas pasadas | error=SQLSTATE[01000]: Warning: 1265 Data truncated for column 'ultimaAccionPor' at row 5
[2026-06-19 18:31:19] ROLE_ERROR[system]: Error auto-finalizando citas pasadas | error=SQLSTATE[01000]: Warning: 1265 Data truncated for column 'ultimaAccionPor' at row 5
[2026-06-19 18:31:20] ROLE_ERROR[system]: Error auto-finalizando citas pasadas | error=SQLSTATE[01000]: Warning: 1265 Data truncated for column 'ultimaAccionPor' at row 5
[2026-06-19 18:31:20] ROLE_ERROR[system]: Error auto-finalizando citas pasadas | error=SQLSTATE[01000]: Warning: 1265 Data truncated for column 'ultimaAccionPor' at row 5
[2026-06-19 18:31:30] ROLE_ERROR[system]: Error auto-finalizando citas pasadas | error=SQLSTATE[01000]: Warning: 1265 Data truncated for column 'ultimaAccionPor' at row 5
[2026-06-19 18:31:30] ROLE_ERROR[system]: Error auto-finalizando citas pasadas | error=SQLSTATE[01000]: Warning: 1265 Data truncated for column 'ultimaAccionPor' at row 5
[2026-06-19 18:32:00] ROLE_ERROR[system]: Error auto-finalizando citas pasadas | error=SQLSTATE[01000]: Warning: 1265 Data truncated for column 'ultimaAccionPor' at row 5
[2026-06-19 18:32:04] ROLE_ERROR[system]: Error auto-finalizando citas pasadas | error=SQLSTATE[01000]: Warning: 1265 Data truncated for column 'ultimaAccionPor' at row 5
[2026-06-19 18:32:05] ROLE_ERROR[system]: Error auto-finalizando citas pasadas | error=SQLSTATE[01000]: Warning: 1265 Data truncated for column 'ultimaAccionPor' at row 5
[2026-06-19 18:32:09] ROLE_ERROR[system]: Error auto-finalizando citas pasadas | error=SQLSTATE[01000]: Warning: 1265 Data truncated for column 'ultimaAccionPor' at row 5
[2026-06-19 18:32:22] ROLE_ERROR[system]: Error auto-finalizando citas pasadas | error=SQLSTATE[01000]: Warning: 1265 Data truncated for column 'ultimaAccionPor' at row 5
[2026-06-19 18:32:23] ROLE_ERROR[system]: Error auto-finalizando citas pasadas | error=SQLSTATE[01000]: Warning: 1265 Data truncated for column 'ultimaAccionPor' at row 5
[2026-06-19 18:32:24] ROLE_ERROR[system]: Error auto-finalizando citas pasadas | error=SQLSTATE[01000]: Warning: 1265 Data truncated for column 'ultimaAccionPor' at row 5
[2026-06-19 18:32:30] ROLE_ERROR[system]: Error auto-finalizando citas pasadas | error=SQLSTATE[01000]: Warning: 1265 Data truncated for column 'ultimaAccionPor' at row 5
[2026-06-19 18:32:30] ROLE_ERROR[system]: Error auto-finalizando citas pasadas | error=SQLSTATE[01000]: Warning: 1265 Data truncated for column 'ultimaAccionPor' at row 5
[2026-06-19 18:32:32] ROLE_ERROR[system]: Error auto-finalizando citas pasadas | error=SQLSTATE[01000]: Warning: 1265 Data truncated for column 'ultimaAccionPor' at row 5
[2026-06-19 18:32:32] ROLE_ERROR[system]: Error auto-finalizando citas pasadas | error=SQLSTATE[01000]: Warning: 1265 Data truncated for column 'ultimaAccionPor' at row 5
[2026-06-19 18:32:32] ROLE_ERROR[system]: Error auto-finalizando citas pasadas | error=SQLSTATE[01000]: Warning: 1265 Data truncated for column 'ultimaAccionPor' at row 5
[2026-06-22 16:23:08] ROLE_ERROR[system]: Error auto-finalizando citas pasadas | error=SQLSTATE[01000]: Warning: 1265 Data truncated for column 'ultimaAccionPor' at row 5
[2026-06-22 16:23:08] ROLE_ERROR[system]: Error auto-finalizando citas pasadas | error=SQLSTATE[01000]: Warning: 1265 Data truncated for column 'ultimaAccionPor' at row 5
[2026-06-22 16:57:46] ROLE_ERROR[system]: Error auto-finalizando citas pasadas | error=SQLSTATE[01000]: Warning: 1265 Data truncated for column 'ultimaAccionPor' at row 5
[2026-06-22 16:57:46] ROLE_ERROR[system]: Error auto-finalizando citas pasadas | error=SQLSTATE[01000]: Warning: 1265 Data truncated for column 'ultimaAccionPor' at row 5
[2026-06-22 16:58:28] ROLE_ERROR[system]: Error auto-finalizando citas pasadas | error=SQLSTATE[01000]: Warning: 1265 Data truncated for column 'ultimaAccionPor' at row 5
[2026-06-22 16:58:28] ROLE_ERROR[system]: Error auto-finalizando citas pasadas | error=SQLSTATE[01000]: Warning: 1265 Data truncated for column 'ultimaAccionPor' at row 5
[2026-06-22 16:58:37] ROLE_ERROR[system]: Error auto-finalizando citas pasadas | error=SQLSTATE[01000]: Warning: 1265 Data truncated for column 'ultimaAccionPor' at row 5
[2026-06-22 16:58:37] ROLE_ERROR[system]: Error auto-finalizando citas pasadas | error=SQLSTATE[01000]: Warning: 1265 Data truncated for column 'ultimaAccionPor' at row 5
[2026-06-22 17:35:11] ROLE_ERROR[system]: Error auto-finalizando citas pasadas | error=SQLSTATE[01000]: Warning: 1265 Data truncated for column 'ultimaAccionPor' at row 5
[2026-06-22 17:35:11] ROLE_ERROR[system]: Error auto-finalizando citas pasadas | error=SQLSTATE[01000]: Warning: 1265 Data truncated for column 'ultimaAccionPor' at row 5
[2026-06-22 17:35:11] ROLE_ERROR[system]: Error auto-finalizando citas pasadas | error=SQLSTATE[01000]: Warning: 1265 Data truncated for column 'ultimaAccionPor' at row 5
[2026-06-22 17:35:23] ROLE_ERROR[system]: Error auto-finalizando citas pasadas | error=SQLSTATE[01000]: Warning: 1265 Data truncated for column 'ultimaAccionPor' at row 5
[2026-06-22 17:35:23] ROLE_ERROR[guest]: Credenciales inválidas en login | accion=login | email=vendedor@prueba.com
[2026-06-22 17:35:35] ROLE_ERROR[system]: Error auto-finalizando citas pasadas | error=SQLSTATE[01000]: Warning: 1265 Data truncated for column 'ultimaAccionPor' at row 5
[2026-06-22 17:35:35] ROLE_ERROR[system]: Error auto-finalizando citas pasadas | error=SQLSTATE[01000]: Warning: 1265 Data truncated for column 'ultimaAccionPor' at row 5
[2026-06-22 18:45:28] ROLE_ERROR[system]: Error auto-finalizando citas pasadas | error=SQLSTATE[01000]: Warning: 1265 Data truncated for column 'ultimaAccionPor' at row 5
[2026-06-22 18:45:28] ROLE_ERROR[system]: Error auto-finalizando citas pasadas | error=SQLSTATE[01000]: Warning: 1265 Data truncated for column 'ultimaAccionPor' at row 5
[2026-06-22 18:45:28] ROLE_ERROR[system]: Error auto-finalizando citas pasadas | error=SQLSTATE[01000]: Warning: 1265 Data truncated for column 'ultimaAccionPor' at row 5
[2026-06-22 18:45:35] ROLE_ERROR[system]: Error auto-finalizando citas pasadas | error=SQLSTATE[01000]: Warning: 1265 Data truncated for column 'ultimaAccionPor' at row 5
[2026-06-22 18:45:35] ROLE_ERROR[system]: Error auto-finalizando citas pasadas | error=SQLSTATE[01000]: Warning: 1265 Data truncated for column 'ultimaAccionPor' at row 5
[2026-06-22 18:46:09] ROLE_ERROR[system]: Error auto-finalizando citas pasadas | error=SQLSTATE[01000]: Warning: 1265 Data truncated for column 'ultimaAccionPor' at row 5
[2026-06-22 18:46:09] ROLE_ERROR[system]: Error auto-finalizando citas pasadas | error=SQLSTATE[01000]: Warning: 1265 Data truncated for column 'ultimaAccionPor' at row 5
[2026-06-22 18:46:18] ROLE_ERROR[system]: Error auto-finalizando citas pasadas | error=SQLSTATE[01000]: Warning: 1265 Data truncated for column 'ultimaAccionPor' at row 5
[2026-06-22 18:46:18] ROLE_ERROR[system]: Error auto-finalizando citas pasadas | error=SQLSTATE[01000]: Warning: 1265 Data truncated for column 'ultimaAccionPor' at row 5
[2026-06-22 18:46:18] ROLE_ERROR[system]: Error auto-finalizando citas pasadas | error=SQLSTATE[01000]: Warning: 1265 Data truncated for column 'ultimaAccionPor' at row 5
[2026-06-22 18:46:40] ROLE_ERROR[system]: Error auto-finalizando citas pasadas | error=SQLSTATE[01000]: Warning: 1265 Data truncated for column 'ultimaAccionPor' at row 5
[2026-06-22 18:46:40] ROLE_ERROR[system]: Error auto-finalizando citas pasadas | error=SQLSTATE[01000]: Warning: 1265 Data truncated for column 'ultimaAccionPor' at row 5
[2026-06-22 18:46:45] ROLE_ERROR[system]: Error auto-finalizando citas pasadas | error=SQLSTATE[01000]: Warning: 1265 Data truncated for column 'ultimaAccionPor' at row 5
[2026-06-22 18:46:52] ROLE_ERROR[system]: Error auto-finalizando citas pasadas | error=SQLSTATE[01000]: Warning: 1265 Data truncated for column 'ultimaAccionPor' at row 5
[2026-06-22 18:46:52] ROLE_ERROR[system]: Error auto-finalizando citas pasadas | error=SQLSTATE[01000]: Warning: 1265 Data truncated for column 'ultimaAccionPor' at row 5
[2026-06-22 18:46:52] ROLE_ERROR[system]: Error auto-finalizando citas pasadas | error=SQLSTATE[01000]: Warning: 1265 Data truncated for column 'ultimaAccionPor' at row 5
[2026-06-22 18:47:00] ROLE_ERROR[system]: Error auto-finalizando citas pasadas | error=SQLSTATE[01000]: Warning: 1265 Data truncated for column 'ultimaAccionPor' at row 5
[2026-06-22 18:47:00] ROLE_ERROR[system]: Error auto-finalizando citas pasadas | error=SQLSTATE[01000]: Warning: 1265 Data truncated for column 'ultimaAccionPor' at row 5
[2026-06-22 18:49:36] ROLE_ERROR[system]: Error auto-finalizando citas pasadas | error=SQLSTATE[01000]: Warning: 1265 Data truncated for column 'ultimaAccionPor' at row 5
[2026-06-22 18:49:36] ROLE_ERROR[system]: Error auto-finalizando citas pasadas | error=SQLSTATE[01000]: Warning: 1265 Data truncated for column 'ultimaAccionPor' at row 5
[2026-06-22 18:49:36] ROLE_ERROR[system]: Error auto-finalizando citas pasadas | error=SQLSTATE[01000]: Warning: 1265 Data truncated for column 'ultimaAccionPor' at row 5
[2026-06-22 18:49:44] ROLE_ERROR[system]: Error auto-finalizando citas pasadas | error=SQLSTATE[01000]: Warning: 1265 Data truncated for column 'ultimaAccionPor' at row 5
[2026-06-22 18:49:44] ROLE_ERROR[system]: Error auto-finalizando citas pasadas | error=SQLSTATE[01000]: Warning: 1265 Data truncated for column 'ultimaAccionPor' at row 5
[2026-06-22 18:50:00] ROLE_ERROR[system]: Error auto-finalizando citas pasadas | error=SQLSTATE[01000]: Warning: 1265 Data truncated for column 'ultimaAccionPor' at row 5
[2026-06-22 18:50:00] ROLE_ERROR[system]: Error auto-finalizando citas pasadas | error=SQLSTATE[01000]: Warning: 1265 Data truncated for column 'ultimaAccionPor' at row 5
[2026-06-22 18:50:00] ROLE_ERROR[system]: Error auto-finalizando citas pasadas | error=SQLSTATE[01000]: Warning: 1265 Data truncated for column 'ultimaAccionPor' at row 5
[2026-06-22 18:50:06] ROLE_ERROR[system]: Error auto-finalizando citas pasadas | error=SQLSTATE[01000]: Warning: 1265 Data truncated for column 'ultimaAccionPor' at row 5
[2026-06-22 18:50:07] ROLE_ERROR[system]: Error auto-finalizando citas pasadas | error=SQLSTATE[01000]: Warning: 1265 Data truncated for column 'ultimaAccionPor' at row 5
[2026-06-22 18:50:34] ROLE_ERROR[system]: Error auto-finalizando citas pasadas | error=SQLSTATE[01000]: Warning: 1265 Data truncated for column 'ultimaAccionPor' at row 5
[2026-06-22 18:50:34] ROLE_ERROR[system]: Error auto-finalizando citas pasadas | error=SQLSTATE[01000]: Warning: 1265 Data truncated for column 'ultimaAccionPor' at row 5
[2026-06-22 18:50:37] ROLE_ERROR[system]: Error auto-finalizando citas pasadas | error=SQLSTATE[01000]: Warning: 1265 Data truncated for column 'ultimaAccionPor' at row 5
[2026-06-22 18:50:37] ROLE_ERROR[system]: Error auto-finalizando citas pasadas | error=SQLSTATE[01000]: Warning: 1265 Data truncated for column 'ultimaAccionPor' at row 5
[2026-06-22 18:50:37] ROLE_ERROR[system]: Error auto-finalizando citas pasadas | error=SQLSTATE[01000]: Warning: 1265 Data truncated for column 'ultimaAccionPor' at row 5
[2026-06-22 18:50:46] ROLE_ERROR[system]: Error auto-finalizando citas pasadas | error=SQLSTATE[01000]: Warning: 1265 Data truncated for column 'ultimaAccionPor' at row 5
[2026-06-22 18:50:47] ROLE_ERROR[system]: Error auto-finalizando citas pasadas | error=SQLSTATE[01000]: Warning: 1265 Data truncated for column 'ultimaAccionPor' at row 5
[2026-06-22 21:02:14] ROLE_ERROR[system]: Error auto-finalizando citas pasadas | error=SQLSTATE[01000]: Warning: 1265 Data truncated for column 'ultimaAccionPor' at row 5
[2026-06-22 21:02:14] ROLE_ERROR[system]: Error auto-finalizando citas pasadas | error=SQLSTATE[01000]: Warning: 1265 Data truncated for column 'ultimaAccionPor' at row 5
[2026-06-22 21:02:14] ROLE_ERROR[system]: Error auto-finalizando citas pasadas | error=SQLSTATE[01000]: Warning: 1265 Data truncated for column 'ultimaAccionPor' at row 5
[2026-06-22 21:02:22] ROLE_ERROR[system]: Error auto-finalizando citas pasadas | error=SQLSTATE[01000]: Warning: 1265 Data truncated for column 'ultimaAccionPor' at row 5
[2026-06-22 21:02:22] ROLE_ERROR[system]: Error auto-finalizando citas pasadas | error=SQLSTATE[01000]: Warning: 1265 Data truncated for column 'ultimaAccionPor' at row 5
[2026-06-22 21:07:32] ROLE_ERROR[system]: Error auto-finalizando citas pasadas | error=SQLSTATE[01000]: Warning: 1265 Data truncated for column 'ultimaAccionPor' at row 5
[2026-06-22 21:07:32] ROLE_ERROR[system]: Error auto-finalizando citas pasadas | error=SQLSTATE[01000]: Warning: 1265 Data truncated for column 'ultimaAccionPor' at row 5
[2026-06-22 21:07:33] ROLE_ERROR[system]: Error auto-finalizando citas pasadas | error=SQLSTATE[01000]: Warning: 1265 Data truncated for column 'ultimaAccionPor' at row 5
[2026-06-22 21:07:46] ROLE_ERROR[system]: Error auto-finalizando citas pasadas | error=SQLSTATE[01000]: Warning: 1265 Data truncated for column 'ultimaAccionPor' at row 5
[2026-06-22 21:07:46] ROLE_ERROR[system]: Error auto-finalizando citas pasadas | error=SQLSTATE[01000]: Warning: 1265 Data truncated for column 'ultimaAccionPor' at row 5
[2026-06-22 21:07:56] ROLE_ERROR[system]: Error auto-finalizando citas pasadas | error=SQLSTATE[01000]: Warning: 1265 Data truncated for column 'ultimaAccionPor' at row 5
[2026-06-22 21:12:21] ROLE_ERROR[system]: Error auto-finalizando citas pasadas | error=SQLSTATE[01000]: Warning: 1265 Data truncated for column 'ultimaAccionPor' at row 5
[2026-06-22 21:12:21] ROLE_ERROR[system]: Error auto-finalizando citas pasadas | error=SQLSTATE[01000]: Warning: 1265 Data truncated for column 'ultimaAccionPor' at row 5
[2026-06-22 21:15:43] ROLE_ERROR[system]: Error auto-finalizando citas pasadas | error=SQLSTATE[01000]: Warning: 1265 Data truncated for column 'ultimaAccionPor' at row 5
[2026-06-22 21:15:43] ROLE_ERROR[system]: Error auto-finalizando citas pasadas | error=SQLSTATE[01000]: Warning: 1265 Data truncated for column 'ultimaAccionPor' at row 5
[2026-06-22 21:15:43] ROLE_ERROR[system]: Error auto-finalizando citas pasadas | error=SQLSTATE[01000]: Warning: 1265 Data truncated for column 'ultimaAccionPor' at row 5
[2026-06-22 21:15:52] ROLE_ERROR[system]: Error auto-finalizando citas pasadas | error=SQLSTATE[01000]: Warning: 1265 Data truncated for column 'ultimaAccionPor' at row 5
[2026-06-22 21:15:52] ROLE_ERROR[system]: Error auto-finalizando citas pasadas | error=SQLSTATE[01000]: Warning: 1265 Data truncated for column 'ultimaAccionPor' at row 5
[2026-06-22 21:17:11] ROLE_ERROR[system]: Error auto-finalizando citas pasadas | error=SQLSTATE[01000]: Warning: 1265 Data truncated for column 'ultimaAccionPor' at row 5
[2026-06-22 21:23:14] ROLE_ERROR[system]: Error auto-finalizando citas pasadas | error=SQLSTATE[01000]: Warning: 1265 Data truncated for column 'ultimaAccionPor' at row 5
[2026-06-22 21:35:22] ROLE_ERROR[system]: Error auto-finalizando citas pasadas | error=SQLSTATE[01000]: Warning: 1265 Data truncated for column 'ultimaAccionPor' at row 5
[2026-06-22 21:37:37] ROLE_ERROR[system]: Error auto-finalizando citas pasadas | error=SQLSTATE[01000]: Warning: 1265 Data truncated for column 'ultimaAccionPor' at row 5
[2026-06-22 21:37:54] ROLE_ERROR[system]: Error auto-finalizando citas pasadas | error=SQLSTATE[01000]: Warning: 1265 Data truncated for column 'ultimaAccionPor' at row 5
[2026-06-22 21:37:54] ROLE_ERROR[system]: Error auto-finalizando citas pasadas | error=SQLSTATE[01000]: Warning: 1265 Data truncated for column 'ultimaAccionPor' at row 5
[2026-06-22 21:37:55] ROLE_ERROR[system]: Error auto-finalizando citas pasadas | error=SQLSTATE[01000]: Warning: 1265 Data truncated for column 'ultimaAccionPor' at row 5
[2026-06-22 21:43:07] ROLE_ERROR[system]: Error auto-finalizando citas pasadas | error=SQLSTATE[01000]: Warning: 1265 Data truncated for column 'ultimaAccionPor' at row 5
[2026-06-22 21:43:15] ROLE_ERROR[system]: Error auto-finalizando citas pasadas | error=SQLSTATE[01000]: Warning: 1265 Data truncated for column 'ultimaAccionPor' at row 5
[2026-06-22 21:44:50] ROLE_ERROR[system]: Error auto-finalizando citas pasadas | error=SQLSTATE[01000]: Warning: 1265 Data truncated for column 'ultimaAccionPor' at row 5
[2026-06-22 21:44:50] ROLE_ERROR[system]: Error auto-finalizando citas pasadas | error=SQLSTATE[01000]: Warning: 1265 Data truncated for column 'ultimaAccionPor' at row 5
[2026-06-22 21:44:51] ROLE_ERROR[system]: Error auto-finalizando citas pasadas | error=SQLSTATE[01000]: Warning: 1265 Data truncated for column 'ultimaAccionPor' at row 5
[2026-06-22 21:45:18] ROLE_ERROR[system]: Error auto-finalizando citas pasadas | error=SQLSTATE[01000]: Warning: 1265 Data truncated for column 'ultimaAccionPor' at row 5
[2026-06-22 21:45:18] ROLE_ERROR[system]: Error auto-finalizando citas pasadas | error=SQLSTATE[01000]: Warning: 1265 Data truncated for column 'ultimaAccionPor' at row 5
[2026-06-22 21:48:59] ROLE_ERROR[system]: Error auto-finalizando citas pasadas | error=SQLSTATE[01000]: Warning: 1265 Data truncated for column 'ultimaAccionPor' at row 5
[2026-06-22 21:48:59] ROLE_ERROR[system]: Error auto-finalizando citas pasadas | error=SQLSTATE[01000]: Warning: 1265 Data truncated for column 'ultimaAccionPor' at row 5
[2026-06-22 21:48:59] ROLE_ERROR[system]: Error auto-finalizando citas pasadas | error=SQLSTATE[01000]: Warning: 1265 Data truncated for column 'ultimaAccionPor' at row 5
[2026-06-22 21:49:13] ROLE_ERROR[system]: Error auto-finalizando citas pasadas | error=SQLSTATE[01000]: Warning: 1265 Data truncated for column 'ultimaAccionPor' at row 5
[2026-06-22 21:49:14] ROLE_ERROR[guest]: Credenciales inválidas en login | accion=login | email=comprador@agecso.com
[2026-06-22 21:49:22] ROLE_ERROR[system]: Error auto-finalizando citas pasadas | error=SQLSTATE[01000]: Warning: 1265 Data truncated for column 'ultimaAccionPor' at row 5
[2026-06-22 21:49:22] ROLE_ERROR[system]: Error auto-finalizando citas pasadas | error=SQLSTATE[01000]: Warning: 1265 Data truncated for column 'ultimaAccionPor' at row 5
[2026-06-22 21:49:28] ROLE_ERROR[system]: Error auto-finalizando citas pasadas | error=SQLSTATE[01000]: Warning: 1265 Data truncated for column 'ultimaAccionPor' at row 5
[2026-06-22 21:49:31] ROLE_ERROR[system]: Error auto-finalizando citas pasadas | error=SQLSTATE[01000]: Warning: 1265 Data truncated for column 'ultimaAccionPor' at row 5
[2026-06-22 21:49:36] ROLE_ERROR[system]: Error auto-finalizando citas pasadas | error=SQLSTATE[01000]: Warning: 1265 Data truncated for column 'ultimaAccionPor' at row 5
[2026-06-22 21:49:52] ROLE_ERROR[system]: Error auto-finalizando citas pasadas | error=SQLSTATE[01000]: Warning: 1265 Data truncated for column 'ultimaAccionPor' at row 5
[2026-06-22 21:49:52] ROLE_ERROR[system]: Error auto-finalizando citas pasadas | error=SQLSTATE[01000]: Warning: 1265 Data truncated for column 'ultimaAccionPor' at row 5
[2026-06-22 21:49:52] ROLE_ERROR[system]: Error auto-finalizando citas pasadas | error=SQLSTATE[01000]: Warning: 1265 Data truncated for column 'ultimaAccionPor' at row 5
[2026-06-22 21:49:59] ROLE_ERROR[system]: Error auto-finalizando citas pasadas | error=SQLSTATE[01000]: Warning: 1265 Data truncated for column 'ultimaAccionPor' at row 5
[2026-06-22 21:49:59] ROLE_ERROR[system]: Error auto-finalizando citas pasadas | error=SQLSTATE[01000]: Warning: 1265 Data truncated for column 'ultimaAccionPor' at row 5
[2026-06-22 21:50:14] ROLE_ERROR[system]: Error auto-finalizando citas pasadas | error=SQLSTATE[01000]: Warning: 1265 Data truncated for column 'ultimaAccionPor' at row 5
[2026-06-22 21:50:14] ROLE_ERROR[system]: Error auto-finalizando citas pasadas | error=SQLSTATE[01000]: Warning: 1265 Data truncated for column 'ultimaAccionPor' at row 5
[2026-06-22 21:50:16] ROLE_ERROR[system]: Error auto-finalizando citas pasadas | error=SQLSTATE[01000]: Warning: 1265 Data truncated for column 'ultimaAccionPor' at row 5
[2026-06-22 21:50:16] ROLE_ERROR[system]: Error auto-finalizando citas pasadas | error=SQLSTATE[01000]: Warning: 1265 Data truncated for column 'ultimaAccionPor' at row 5
[2026-06-22 21:50:16] ROLE_ERROR[system]: Error auto-finalizando citas pasadas | error=SQLSTATE[01000]: Warning: 1265 Data truncated for column 'ultimaAccionPor' at row 5
[2026-06-22 21:50:29] ROLE_ERROR[system]: Error auto-finalizando citas pasadas | error=SQLSTATE[01000]: Warning: 1265 Data truncated for column 'ultimaAccionPor' at row 5
[2026-06-22 21:50:29] ROLE_ERROR[system]: Error auto-finalizando citas pasadas | error=SQLSTATE[01000]: Warning: 1265 Data truncated for column 'ultimaAccionPor' at row 5
[2026-06-22 21:50:46] ROLE_ERROR[system]: Error auto-finalizando citas pasadas | error=SQLSTATE[01000]: Warning: 1265 Data truncated for column 'ultimaAccionPor' at row 5
[2026-06-22 21:53:01] ROLE_ERROR[system]: Error auto-finalizando citas pasadas | error=SQLSTATE[01000]: Warning: 1265 Data truncated for column 'ultimaAccionPor' at row 5
[2026-06-22 21:58:11] ROLE_ERROR[system]: Error auto-finalizando citas pasadas | error=SQLSTATE[01000]: Warning: 1265 Data truncated for column 'ultimaAccionPor' at row 5
[2026-06-22 21:58:12] ROLE_ERROR[system]: Error auto-finalizando citas pasadas | error=SQLSTATE[01000]: Warning: 1265 Data truncated for column 'ultimaAccionPor' at row 5
[2026-06-22 21:58:12] ROLE_ERROR[system]: Error auto-finalizando citas pasadas | error=SQLSTATE[01000]: Warning: 1265 Data truncated for column 'ultimaAccionPor' at row 5
[2026-06-22 21:58:21] ROLE_ERROR[system]: Error auto-finalizando citas pasadas | error=SQLSTATE[01000]: Warning: 1265 Data truncated for column 'ultimaAccionPor' at row 5
[2026-06-22 21:58:21] ROLE_ERROR[system]: Error auto-finalizando citas pasadas | error=SQLSTATE[01000]: Warning: 1265 Data truncated for column 'ultimaAccionPor' at row 5
[2026-06-22 21:58:21] ROLE_ERROR[system]: Error auto-finalizando citas pasadas | error=SQLSTATE[01000]: Warning: 1265 Data truncated for column 'ultimaAccionPor' at row 5
[2026-06-22 21:58:31] ROLE_ERROR[system]: Error auto-finalizando citas pasadas | error=SQLSTATE[01000]: Warning: 1265 Data truncated for column 'ultimaAccionPor' at row 5
[2026-06-22 21:58:32] ROLE_ERROR[system]: Error auto-finalizando citas pasadas | error=SQLSTATE[01000]: Warning: 1265 Data truncated for column 'ultimaAccionPor' at row 5
[2026-06-22 22:04:56] ROLE_ERROR[system]: Error auto-finalizando citas pasadas | error=SQLSTATE[01000]: Warning: 1265 Data truncated for column 'ultimaAccionPor' at row 5
[2026-06-22 22:05:00] ROLE_ERROR[system]: Error auto-finalizando citas pasadas | error=SQLSTATE[01000]: Warning: 1265 Data truncated for column 'ultimaAccionPor' at row 5
[2026-06-22 22:05:00] ROLE_ERROR[system]: Error auto-finalizando citas pasadas | error=SQLSTATE[01000]: Warning: 1265 Data truncated for column 'ultimaAccionPor' at row 5
[2026-06-22 22:05:00] ROLE_ERROR[system]: Error auto-finalizando citas pasadas | error=SQLSTATE[01000]: Warning: 1265 Data truncated for column 'ultimaAccionPor' at row 5
[2026-06-22 22:05:08] ROLE_ERROR[system]: Error auto-finalizando citas pasadas | error=SQLSTATE[01000]: Warning: 1265 Data truncated for column 'ultimaAccionPor' at row 5
[2026-06-22 22:05:08] ROLE_ERROR[system]: Error auto-finalizando citas pasadas | error=SQLSTATE[01000]: Warning: 1265 Data truncated for column 'ultimaAccionPor' at row 5
[2026-06-22 22:05:11] ROLE_ERROR[system]: Error auto-finalizando citas pasadas | error=SQLSTATE[01000]: Warning: 1265 Data truncated for column 'ultimaAccionPor' at row 5
[2026-06-22 22:05:11] ROLE_ERROR[system]: Error auto-finalizando citas pasadas | error=SQLSTATE[01000]: Warning: 1265 Data truncated for column 'ultimaAccionPor' at row 5
[2026-06-22 22:05:11] ROLE_ERROR[system]: Error auto-finalizando citas pasadas | error=SQLSTATE[01000]: Warning: 1265 Data truncated for column 'ultimaAccionPor' at row 5
[2026-06-22 22:06:33] ROLE_ERROR[system]: Error auto-finalizando citas pasadas | error=SQLSTATE[01000]: Warning: 1265 Data truncated for column 'ultimaAccionPor' at row 5
[2026-06-22 22:06:33] ROLE_ERROR[system]: Error auto-finalizando citas pasadas | error=SQLSTATE[01000]: Warning: 1265 Data truncated for column 'ultimaAccionPor' at row 5
[2026-06-22 22:06:44] ROLE_ERROR[system]: Error auto-finalizando citas pasadas | error=SQLSTATE[01000]: Warning: 1265 Data truncated for column 'ultimaAccionPor' at row 5
[2026-06-22 22:06:45] ROLE_ERROR[system]: Error auto-finalizando citas pasadas | error=SQLSTATE[01000]: Warning: 1265 Data truncated for column 'ultimaAccionPor' at row 5
[2026-06-22 22:19:58] ROLE_ERROR[system]: Error auto-finalizando citas pasadas | error=SQLSTATE[01000]: Warning: 1265 Data truncated for column 'ultimaAccionPor' at row 5
[2026-06-22 22:20:00] ROLE_ERROR[system]: Error auto-finalizando citas pasadas | error=SQLSTATE[01000]: Warning: 1265 Data truncated for column 'ultimaAccionPor' at row 5
[2026-06-22 22:20:39] ROLE_ERROR[system]: Error auto-finalizando citas pasadas | error=SQLSTATE[01000]: Warning: 1265 Data truncated for column 'ultimaAccionPor' at row 5
[2026-06-22 22:22:03] ROLE_ERROR[system]: Error auto-finalizando citas pasadas | error=SQLSTATE[01000]: Warning: 1265 Data truncated for column 'ultimaAccionPor' at row 5
[2026-06-22 22:24:02] ROLE_ERROR[system]: Error auto-finalizando citas pasadas | error=SQLSTATE[01000]: Warning: 1265 Data truncated for column 'ultimaAccionPor' at row 5
[2026-06-22 23:02:29] ROLE_ERROR[system]: Error auto-finalizando citas pasadas | error=SQLSTATE[01000]: Warning: 1265 Data truncated for column 'ultimaAccionPor' at row 5
[2026-06-22 23:02:32] ROLE_ERROR[system]: Error auto-finalizando citas pasadas | error=SQLSTATE[01000]: Warning: 1265 Data truncated for column 'ultimaAccionPor' at row 5
[2026-06-22 23:02:32] ROLE_ERROR[system]: Error auto-finalizando citas pasadas | error=SQLSTATE[01000]: Warning: 1265 Data truncated for column 'ultimaAccionPor' at row 5
[2026-06-22 23:02:33] ROLE_ERROR[system]: Error auto-finalizando citas pasadas | error=SQLSTATE[01000]: Warning: 1265 Data truncated for column 'ultimaAccionPor' at row 5
[2026-06-22 23:04:28] ROLE_ERROR[system]: Error auto-finalizando citas pasadas | error=SQLSTATE[01000]: Warning: 1265 Data truncated for column 'ultimaAccionPor' at row 5
[2026-06-22 23:04:37] ROLE_ERROR[system]: Error auto-finalizando citas pasadas | error=SQLSTATE[01000]: Warning: 1265 Data truncated for column 'ultimaAccionPor' at row 5
[2026-06-22 23:04:39] ROLE_ERROR[system]: Error auto-finalizando citas pasadas | error=SQLSTATE[01000]: Warning: 1265 Data truncated for column 'ultimaAccionPor' at row 5
[2026-06-22 23:05:49] ROLE_ERROR[system]: Error auto-finalizando citas pasadas | error=SQLSTATE[01000]: Warning: 1265 Data truncated for column 'ultimaAccionPor' at row 5
[2026-06-22 23:07:19] ROLE_ERROR[system]: Error auto-finalizando citas pasadas | error=SQLSTATE[01000]: Warning: 1265 Data truncated for column 'ultimaAccionPor' at row 5
[2026-06-22 23:07:23] ROLE_ERROR[system]: Error auto-finalizando citas pasadas | error=SQLSTATE[01000]: Warning: 1265 Data truncated for column 'ultimaAccionPor' at row 5
[2026-06-22 23:07:24] ROLE_ERROR[system]: Error auto-finalizando citas pasadas | error=SQLSTATE[01000]: Warning: 1265 Data truncated for column 'ultimaAccionPor' at row 5
[2026-06-22 23:07:24] ROLE_ERROR[system]: Error auto-finalizando citas pasadas | error=SQLSTATE[01000]: Warning: 1265 Data truncated for column 'ultimaAccionPor' at row 5
[2026-06-22 23:07:24] ROLE_ERROR[system]: Error auto-finalizando citas pasadas | error=SQLSTATE[01000]: Warning: 1265 Data truncated for column 'ultimaAccionPor' at row 5
[2026-06-22 23:11:09] ROLE_ERROR[system]: Error auto-finalizando citas pasadas | error=SQLSTATE[01000]: Warning: 1265 Data truncated for column 'ultimaAccionPor' at row 5
[2026-06-22 23:11:17] ROLE_ERROR[system]: Error auto-finalizando citas pasadas | error=SQLSTATE[01000]: Warning: 1265 Data truncated for column 'ultimaAccionPor' at row 5
[2026-06-22 23:12:29] ROLE_ERROR[system]: Error auto-finalizando citas pasadas | error=SQLSTATE[01000]: Warning: 1265 Data truncated for column 'ultimaAccionPor' at row 5
[2026-06-22 23:12:29] ROLE_ERROR[system]: Error auto-finalizando citas pasadas | error=SQLSTATE[01000]: Warning: 1265 Data truncated for column 'ultimaAccionPor' at row 5
[2026-06-23 10:59:48] ROLE_ERROR[guest]: Credenciales inválidas en login | accion=login | email=vendedor@agecso.com
[2026-07-02 10:43:04] ROLE_ERROR[guest]: Acceso no autorizado al VendedorController | accion=dashboard
[2026-07-02 14:26:16] ROLE_ERROR[guest]: Error crítico en login | accion=login | error=Token de seguridad inválido o expirado. Por favor recarga la página.
[2026-07-24 15:04:59] ROLE_ERROR[guest]: Acceso no autorizado al CompradorController | accion=verEncuestas
[2026-07-24 15:05:00] ROLE_ERROR[guest]: Acceso no autorizado al CompradorController | accion=verParticipantes
[2026-07-24 15:05:01] ROLE_ERROR[guest]: Acceso no autorizado al CompradorController | accion=verReuniones
